Step,Frame,Node 1,Node 2,Node 3,Node 4,Node 5,Node 6,Node 7,Node 8,X,Y,Z,F11,F12,F13,F21,F22,F23,F31,F32,F33,DMG,E1,E2,E3,E4,E5,E6,S1,S2,S3,S4,S5,S6,Ep1,Ep2,Ep3,Ep4,Ep5,Ep6
0.0,0.0,1.0,2.0,3.0,4.0,5.0,6.0,7.0,8.0,0.0,0.0,0.0,0.0,0.0,0.0,0.0,0.0,0.0,0.0,0.0,0.0,0.0,0.0,0.0,0.0,0.0,0.0,0.0,0.0,0.0,0.0,0.0,0.0,0.0,0.0,0.0,0.0,0.0,0.0,0.0
0.0,1.0,1.0,2.0,3.0,4.0,5.0,6.0,7.0,8.0,0.0,0.0,0.0,1.0,0.0,0.0,0.0,1.0,0.0,0.0,0.0,1.0,0.0,0.0003186000103596598,0.0003186000103596598,-0.0008999999845400453,-3.6845933205562065e-20,-1.1434944787933055e-19,2.202285662861181e-20,-1.1102230246251565e-15,2.220446049250313e-16,-13.563360214233398,-1.165122009263566e-16,-4.612092280217297e-16,8.882548644236149e-17,0.0,0.0,0.0,0.0,0.0,0.0
0.0,2.0,1.0,2.0,3.0,4.0,5.0,6.0,7.0,8.0,0.0,0.0,0.0,1.0,0.0,0.0,0.0,1.0,0.0,0.0,0.0,1.0,0.0,0.0006372000207193196,0.0006372000207193196,-0.0017999999690800905,4.404571325722362e-20,-9.910285482875314e-20,-4.743384504624082e-20,0.0,8.881784197001252e-16,-27.126720428466797,1.392789510060047e-16,-3.997146889906267e-16,-1.9131643335546243e-16,0.0,0.0,0.0,0.0,0.0,0.0
0.0,3.0,1.0,2.0,3.0,4.0,5.0,6.0,7.0,8.0,0.0,0.0,0.0,1.0,0.0,0.0,0.0,1.0,0.0,0.0,0.0,1.0,0.0,0.0011150999926030636,0.0011150999926030636,-0.0031500000040978193,8.216219588366713e-20,-2.668153783851046e-20,4.1928130889087867e-20,-5.329070518200751e-15,-3.552713678800501e-15,-47.47175979614258,2.5980882772453544e-16,-1.0761548962654456e-16,1.6911006174487206e-16,0.0,0.0,0.0,0.0,0.0,0.0
0.0,4.0,1.0,2.0,3.0,4.0,5.0,6.0,7.0,8.0,0.0,0.0,0.0,1.0,0.0,0.0,0.0,1.0,0.0,0.0,0.0,1.0,0.0,0.0017522999551147223,0.0017522999551147223,-0.00494999997317791,3.1848438816761693e-19,4.955142741437657e-20,-1.32560656245298e-19,0.0,3.552713678800501e-15,-74.59848022460938,1.0070940104398669e-15,1.9985734449531336e-16,-5.346610664714257e-16,0.0,0.0,0.0,0.0,0.0,0.0
0.0,5.0,1.0,2.0,3.0,4.0,5.0,6.0,7.0,8.0,0.0,0.0,0.0,1.0,0.0,0.0,0.0,1.0,0.0,0.0,0.0,1.0,0.0,0.002389499917626381,0.002389499917626381,-0.006750000175088644,2.2996944517954254e-19,-2.8926175148734357e-19,-1.9524109434211623e-19,-6.217248937900877e-15,8.881784197001252e-16,-101.7251968383789,7.271968434591301e-16,-1.1666885702297332e-15,-7.874720785626605e-16,0.0,0.0,0.0,0.0,0.0,0.0
0.0,6.0,1.0,2.0,3.0,4.0,5.0,6.0,7.0,8.0,0.0,0.0,0.0,1.0,0.0,0.0,0.0,1.0,0.0,0.0,0.0,1.0,0.0,0.0030267001129686832,0.0030267001129686832,-0.008550000376999378,-5.886878983417387e-20,-2.3251054402130544e-19,-2.1726395097072804e-19,0.0,-1.7763568394002505e-15,-128.85191345214844,-1.8615167642935894e-16,-9.37792104036125e-16,-8.76297565005022e-16,0.0,0.0,0.0,0.0,0.0,0.0
0.0,7.0,1.0,2.0,3.0,4.0,5.0,6.0,7.0,8.0,0.0,0.0,0.0,1.0,0.0,0.0,0.0,1.0,0.0,0.0,0.0,1.0,0.033609263598918915,0.006799035239964724,0.006799035239964724,-0.010350000113248825,-4.281751548370488e-19,5.209252625613947e-20,4.586683409382036e-19,-0.00026348463143222034,-0.00026348463143222034,-136.09918212890625,-9.818415230624928e-16,1.6363440402245683e-16,1.4407809145438179e-15,0.0034909311216324568,0.0034909311216324568,-0.0010050414130091667,-1.0687807470576457e-19,1.0111029292844863e-20,8.902637971352797e-20
0.0,8.0,1.0,2.0,3.0,4.0,5.0,6.0,7.0,8.0,0.0,0.0,0.0,1.0,0.0,0.0,0.0,1.0,0.0,0.0,0.0,1.0,0.0768275186419487,0.011662253178656101,0.011662253178656101,-0.012149999849498272,-3.841294415798252e-19,1.4039571100740028e-18,1.5208476567950963e-18,-0.016793353483080864,-0.016793353483080864,-136.21400451660156,-5.666809765204471e-16,3.961614598922778e-15,4.069548195743131e-15,0.008197400718927383,0.008197400718927383,-0.0023601457942277193,-1.9000781987452586e-19,3.3999677096070695e-19,4.2789983294003937e-19
0.0,9.0,1.0,2.0,3.0,4.0,5.0,6.0,7.0,8.0,0.0,0.0,0.0,1.0,0.0,0.0,0.0,1.0,0.0,0.0,0.0,1.0,0.11772926896810532,0.01652398891746998,0.01652398891746998,-0.013949999585747719,-4.518920773601692e-19,7.229426204815453e-19,2.0146678650443534e-18,-2.9077259711129955e-08,-2.907724727663208e-08,-136.09735107421875,-5.18486495887572e-16,1.0512843545728342e-15,4.356084618722684e-15,0.012900506146252155,0.012900506146252155,-0.003714171005412936,-2.66045867770883e-19,4.275127382627587e-19,7.905295320805101e-19
0.0,10.0,1.0,2.0,3.0,4.0,5.0,6.0,7.0,8.0,0.0,0.0,0.0,1.0,0.0,0.0,0.0,1.0,0.0,0.0,0.0,1.0,0.15598832070827484,0.021331407129764557,0.021331407129764557,-0.01575000025331974,-1.6614551260393101e-18,9.668881092907838e-19,1.4844252400631613e-18,0.001645231619477272,0.001645231619477272,-136.08592224121094,-2.68613862266186e-15,1.4347019708396106e-15,1.8457157087696952e-15,0.01754387468099594,0.01754387468099594,-0.005050987936556339,-6.549914392203275e-19,5.454349343040706e-19,9.422340945312174e-19
0.0,11.0,1.0,2.0,3.0,4.0,5.0,6.0,7.0,8.0,0.0,0.0,0.0,1.0,0.0,0.0,0.0,1.0,0.0,0.0,0.0,1.0,0.19190102815628052,0.026097619906067848,0.026097619906067848,-0.017550000920891762,-1.6038568856260177e-18,7.127782251144937e-19,6.899083355386276e-19,-2.0016123016830534e-05,-2.0016123016830534e-05,-136.0974884033203,-1.7745565767499799e-15,4.310838395081405e-16,-6.50002654629787e-16,0.022141551598906517,0.022141551598906517,-0.006374659948050976,-9.09402985826258e-19,5.805168014557868e-19,8.893365147439107e-19
0.0,12.0,1.0,2.0,3.0,4.0,5.0,6.0,7.0,8.0,0.0,0.0,0.0,1.0,0.0,0.0,0.0,1.0,0.0,0.0,0.0,1.0,0.2256765216588974,0.03082919865846634,0.03082919865846634,-0.019349999725818634,-9.939931636029214e-19,6.856731708023561e-19,8.96584374668677e-19,-1.337400681222789e-05,-1.337400681222789e-05,-136.09744262695312,-1.53641082840971e-16,2.623069396442252e-16,1.8079278021348925e-17,0.026700567454099655,0.026700567454099655,-0.007687202654778957,-9.312446899007207e-19,6.016839914395008e-19,8.907954545493011e-19
0.0,13.0,1.0,2.0,3.0,4.0,5.0,6.0,7.0,8.0,0.0,0.0,0.0,1.0,0.0,0.0,0.0,1.0,0.0,0.0,0.0,1.0,0.25744491815567017,0.0355248786509037,0.0355248786509037,-0.021150000393390656,-7.195544886925281e-19,1.2006692027329707e-18,1.3976043629695956e-20,-1.3596532880910672e-05,-1.3596532880910672e-05,-136.09744262695312,3.7348525498771324e-16,1.4472371055469085e-15,-2.1185257510807553e-15,0.031219616532325745,0.031219616532325745,-0.00898823793977499,-8.786152200294578e-19,7.174467807929547e-19,7.213371146113682e-19
0.0,14.0,1.0,2.0,3.0,4.0,5.0,6.0,7.0,8.0,0.0,0.0,0.0,1.0,0.0,0.0,0.0,1.0,0.0,0.0,0.0,1.0,0.28734272718429565,0.040185462683439255,0.040185462683439255,-0.022949999198317528,-6.551799847012013e-19,6.619562482792357e-19,-1.0736142606448257e-18,-1.2319814231886994e-05,-1.2319814231886994e-05,-136.09744262695312,3.8295860381870335e-16,-1.2989422299712107e-16,-4.201687029580696e-15,0.03569958359003067,0.03569958359003067,-0.010278021916747093,-8.251174690089556e-19,7.071465210102913e-19,3.881557690608212e-19
0.0,15.0,1.0,2.0,3.0,4.0,5.0,6.0,7.0,8.0,0.0,0.0,0.0,1.0,0.0,0.0,0.0,1.0,0.0,0.0,0.0,1.0,0.31549641489982605,0.044811785221099854,0.044811785221099854,-0.02474999986588955,-5.0271405419542725e-19,1.5801399631028973e-18,-1.929117537371669e-18,-1.113360940507846e-05,-1.113360940507846e-05,-136.09742736816406,5.368855867491523e-16,1.980332537494453e-15,-5.2565937205524636e-15,0.04014139994978905,0.04014139994978905,-0.011556822806596756,-7.507554312052986e-19,8.6284388427779205e-19,-2.5127176610230958e-20
0.0,16.0,1.0,2.0,3.0,4.0,5.0,6.0,7.0,8.0,0.0,0.0,0.0,1.0,0.0,0.0,0.0,1.0,0.0,0.0,0.0,1.0,0.3420233726501465,0.04940474405884743,0.04940474405884743,-0.02655000053346157,-6.484037211231669e-19,3.2708177258224808e-18,-7.195544886925281e-19,-1.0025893971032929e-05,-1.0025893971032929e-05,-136.09742736816406,1.6562456087159002e-16,5.294845304933994e-15,-1.5269621758830882e-15,0.04454607143998146,0.04454607143998146,-0.012824928387999535,-7.280072405770544e-19,1.2756526082730198e-18,-1.4417565498812912e-19
0.0,17.0,1.0,2.0,3.0,4.0,5.0,6.0,7.0,8.0,0.0,0.0,0.0,1.0,0.0,0.0,0.0,1.0,0.0,0.0,0.0,1.0,0.36703237891197205,0.053965289145708084,0.053965289145708084,-0.028349999338388443,-2.515264336871645e-18,4.6972212089987225e-18,-2.4182790644110275e-19,-8.996234100777656e-06,-8.996234100777656e-06,-136.097412109375,-2.8108657064527132e-15,7.295047541305139e-15,-2.0820211456831571e-16,0.04891464486718178,0.04891464486718178,-0.014082641340792179,-1.1109099733084635e-18,1.839744601293224e-18,-1.6027495492797506e-19
0.0,18.0,1.0,2.0,3.0,4.0,5.0,6.0,7.0,8.0,0.0,0.0,0.0,1.0,0.0,0.0,0.0,1.0,0.0,0.0,0.0,1.0,0.39062437415122986,0.05849440395832062,0.05849440395832062,-0.030150000005960464,-5.229157899874423e-18,5.595076133088281e-18,8.186573435212813e-19,-8.0423515100847e-06,-8.0423515100847e-06,-136.097412109375,-6.296146668805826e-15,7.765823371191395e-15,2.0243793095428607e-15,0.053248222917318344,0.053248222917318344,-0.015330281108617783,-1.961715691336618e-18,2.4354296204365488e-18,-4.9929837503019005e-21
0.0,19.0,1.0,2.0,3.0,4.0,5.0,6.0,7.0,8.0,0.0,0.0,0.0,1.0,0.0,0.0,0.0,1.0,0.0,0.0,0.0,1.0,0.41289305686950684,0.062993124127388,0.062993124127388,-0.031950000673532486,-6.642008855894596e-18,3.802754416698181e-18,-8.923492099324054e-19,-7.161641860875534e-06,-7.161641860875534e-06,-136.09739685058594,-6.957280024576804e-15,2.7434022850609868e-15,-1.7803927396356804e-15,0.05754796043038368,0.05754796043038368,-0.016568176448345184,-2.8945196166920013e-18,2.6442215875735087e-18,-1.4049325369619618e-19
0.0,20.0,1.0,2.0,3.0,4.0,5.0,6.0,7.0,8.0,0.0,0.0,0.0,1.0,0.0,0.0,0.0,1.0,0.0,0.0,0.0,1.0,0.4339252710342407,0.06746252626180649,0.06746252626180649,-0.03375000134110451,-9.305080442062116e-18,7.007927089108454e-18,8.322098706773501e-19,-6.351230240397854e-06,-6.351230240397854e-06,-136.09739685058594,-9.267649209090002e-15,8.49768186047574e-15,1.8941979688464e-15,0.0618150532245636,0.0618150532245636,-0.017796672880649567,-4.127653590516147e-18,3.2860436393577443e-18,2.573762984384334e-21
0.0,21.0,1.0,2.0,3.0,4.0,5.0,6.0,7.0,8.0,0.0,0.0,0.0,1.0,0.0,0.0,0.0,1.0,0.0,0.0,0.0,1.0,0.4538016617298126,0.07190372049808502,0.07190372049808502,-0.03554999828338623,-9.216989015547669e-18,8.508869471643074e-18,1.7774986398131493e-18,-5.608033461612649e-06,-5.608033461612649e-06,-136.09739685058594,-7.157353018366532e-15,9.874889670075451e-15,3.355882068341678e-15,0.06605073064565659,0.06605073064565659,-0.019016126170754433,-5.0729845458631864e-18,4.026393862240162e-18,2.541743267158868e-19
0.0,22.0,1.0,2.0,3.0,4.0,5.0,6.0,7.0,8.0,0.0,0.0,0.0,1.0,0.0,0.0,0.0,1.0,0.0,0.0,0.0,1.0,0.47259706258773804,0.07631783187389374,0.07631783187389374,-0.03734999895095825,-1.277452739401573e-17,8.3564035411373e-18,2.4043030207813315e-18,-4.9288187256024685e-06,-4.9288187256024685e-06,-136.09738159179688,-1.0539123589949854e-14,7.951641223995307e-15,3.948502105382808e-15,0.07025625556707382,0.07025625556707382,-0.020226897671818733,-6.4550656238673056e-18,4.618309005741776e-18,5.480982490813382e-19
0.0,23.0,1.0,2.0,3.0,4.0,5.0,6.0,7.0,8.0,0.0,0.0,0.0,1.0,0.0,0.0,0.0,1.0,0.0,0.0,0.0,1.0,0.4903809428215027,0.08070603013038635,0.08070603013038635,-0.03914999961853027,-1.5928878089590745e-17,7.289142027596882e-18,1.0050045919172274e-18,-4.310256372264121e-06,-4.310256372264121e-06,-136.09738159179688,-1.261858693436032e-14,4.765625048720138e-15,8.152677823641656e-16,0.07443292438983917,0.07443292438983917,-0.021429363638162613,-8.098491107685104e-18,4.970625080962812e-18,6.083698855356138e-19
0.0,24.0,1.0,2.0,3.0,4.0,5.0,6.0,7.0,8.0,0.0,0.0,0.0,1.0,0.0,0.0,0.0,1.0,0.0,0.0,0.0,1.0,0.5072178244590759,0.08506951481103897,0.08506951481103897,-0.040950000286102295,-1.4170437691090818e-17,7.7262110283801e-18,-1.4801900753268898e-18,-3.748965809791116e-06,-3.748965809791116e-06,-136.09738159179688,-7.874129238992066e-15,4.77925380884146e-15,-3.622372397833274e-15,0.07858207076787949,0.07858207076787949,-0.022623904049396515,-9.117247577286025e-18,5.321620562335907e-18,3.423376145460496e-19
0.0,25.0,1.0,2.0,3.0,4.0,5.0,6.0,7.0,8.0,0.0,0.0,0.0,1.0,0.0,0.0,0.0,1.0,0.0,0.0,0.0,1.0,0.5231674909591675,0.0894094854593277,0.0894094854593277,-0.042750000953674316,-1.7118112347535783e-17,9.132285720822239e-18,-4.197048253645058e-19,-3.241558488298324e-06,-3.241558488298324e-06,-136.0973663330078,-1.0104961606241612e-14,6.426746020261756e-15,-1.2851964204844903e-15,0.0827050432562828,0.0827050432562828,-0.023810910061001778,-1.041638187859547e-17,5.79063238324378e-18,2.4854634492444086e-19
0.0,26.0,1.0,2.0,3.0,4.0,5.0,6.0,7.0,8.0,0.0,0.0,0.0,1.0,0.0,0.0,0.0,1.0,0.0,0.0,0.0,1.0,0.5382857322692871,0.09372717887163162,0.09372717887163162,-0.04455000162124634,-1.7792350573550206e-17,7.963380253611305e-18,2.4839241178232357e-18,-2.784673597489018e-06,-2.784673597489018e-06,-136.0973663330078,-9.075675120825445e-15,3.564657690389734e-15,3.667409986671732e-15,0.08680322021245956,0.08680322021245956,-0.02499077282845974,-1.1576166852372395e-17,6.049209869908469e-18,5.145770649503565e-19
0.0,27.0,1.0,2.0,3.0,4.0,5.0,6.0,7.0,8.0,0.0,0.0,0.0,1.0,0.0,0.0,0.0,1.0,0.0,0.0,0.0,1.0,0.5526242256164551,0.09802385419607162,0.09802385419607162,-0.04634999856352806,-1.4217871536137058e-17,7.672000919755825e-18,-1.2705494208814505e-21,-2.3750071704853326e-06,-2.3750071704853326e-06,-136.0973663330078,-3.1677374160316582e-15,2.5909897176308897e-15,-8.236153979384751e-16,0.0908779725432396,0.0908779725432396,-0.026163896545767784,-1.1978661357912123e-17,6.236084032354611e-18,4.551740198380499e-19
0.0,28.0,1.0,2.0,3.0,4.0,5.0,6.0,7.0,8.0,0.0,0.0,0.0,1.0,0.0,0.0,0.0,1.0,0.0,0.0,0.0,1.0,0.5662310123443604,0.10230076313018799,0.10230076313018799,-0.04814999923110008,-1.3367450457093741e-17,4.9140616434958234e-18,-1.6851720485624305e-18,-2.009338231800939e-06,-2.0093384591746144e-06,-136.0973663330078,-1.6235014854969762e-15,-2.055012679596786e-15,-3.3270528784654042e-15,0.0949307233095169,0.0949307233095169,-0.027330685406923294,-1.21838302739661e-17,6.088667212307861e-18,2.1650710655963616e-19
0.0,29.0,1.0,2.0,3.0,4.0,5.0,6.0,7.0,8.0,0.0,0.0,0.0,1.0,0.0,0.0,0.0,1.0,0.0,0.0,0.0,1.0,0.5791507363319397,0.10655918717384338,0.10655918717384338,-0.049949999898672104,-1.7345117177399935e-17,5.564582946987126e-18,-2.9032054267141144e-18,-1.6845485788508086e-06,-1.6845485788508086e-06,-136.0973663330078,-5.884035493813455e-15,-7.9346758952156325e-16,-4.7232683191597395e-15,0.09896289557218552,0.09896289557218552,-0.0284915491938591,-1.292364489740189e-17,6.0320367732112554e-18,-1.2059687162730507e-19
0.0,30.0,1.0,2.0,3.0,4.0,5.0,6.0,7.0,8.0,0.0,0.0,0.0,1.0,0.0,0.0,0.0,1.0,0.0,0.0,0.0,1.0,0.5914250612258911,0.11080041527748108,0.11080041527748108,-0.051750000566244125,-1.635917082679593e-17,3.589302113990098e-18,4.616329562535937e-20,-1.3976373338664416e-06,-1.3976373338664416e-06,-136.0973663330078,-3.8208796512200025e-15,-3.603607229919802e-15,2.4601039631596687e-16,0.10297591984272003,0.10297591984272003,-0.029646899551153183,-1.3401772662250404e-17,5.776065319066415e-18,-1.0312226759681608e-19
0.0,31.0,1.0,2.0,3.0,4.0,5.0,6.0,7.0,8.0,0.0,0.0,0.0,1.0,0.0,0.0,0.0,1.0,0.0,0.0,0.0,1.0,0.603092610836029,0.11502574384212494,0.11502574384212494,-0.05355000123381615,-1.5955983143902883e-17,4.537979014914914e-18,-4.214412429063771e-18,-1.145734017882205e-06,-1.145734017882205e-06,-136.0973663330078,-2.77225942702452e-15,-1.780437420623648e-15,-5.912265407879546e-15,0.10697124153375626,0.10697124153375626,-0.03079715371131897,-1.3747150346493345e-17,5.650155194946043e-18,-5.212296133280259e-19
0.0,32.0,1.0,2.0,3.0,4.0,5.0,6.0,7.0,8.0,0.0,0.0,0.0,1.0,0.0,0.0,0.0,1.0,0.0,0.0,0.0,1.0,0.6141904592514038,0.11923683434724808,0.11923683434724808,-0.05534999817609787,-1.4471981420313348e-17,4.3922893479871744e-18,-3.2623473963499378e-18,0.00015576161968056113,0.00015576161968056113,-136.0962677001953,-7.680162611598213e-16,-1.7640121812269663e-15,-3.8441023300184e-15,0.11095067858695984,0.11095067858695984,-0.031942833214998245,-1.3842452306407417e-17,5.525901913592615e-18,-7.920000524144763e-19
0.0,33.0,1.0,2.0,3.0,4.0,5.0,6.0,7.0,8.0,0.0,0.0,0.0,1.0,0.0,0.0,0.0,1.0,0.0,0.0,0.0,1.0,0.6247490048408508,0.12343394011259079,0.12343394011259079,-0.05714999884366989,-1.1957987632862585e-17,3.56219705967796e-18,-5.4273636095319294e-18,-8.160702691384358e-07,-8.160702691384358e-07,-136.09735107421875,1.9500868967721333e-15,-2.6867760149546687e-15,-6.3421867211373596e-15,0.11491458863019943,0.11491458863019943,-0.033084046095609665,-1.3601414357451302e-17,5.33739076071423e-18,-1.2369849131658863e-18
0.0,34.0,1.0,2.0,3.0,4.0,5.0,6.0,7.0,8.0,0.0,0.0,0.0,1.0,0.0,0.0,0.0,1.0,0.0,0.0,0.0,1.0,0.6348033547401428,0.1276196986436844,0.1276196986436844,-0.05894999951124191,-1.5031023165501187e-17,3.860352657111474e-18,-5.960994366302139e-18,0.00011581135186133906,0.00011581135186133906,-136.09654235839844,-1.4452805653178695e-15,-1.972423367349466e-15,-6.30840027093728e-15,0.11886584013700485,0.11886584013700485,-0.03422161191701889,-1.3779486490999267e-17,5.199441436368456e-18,-1.6781869218797265e-18
0.0,35.0,1.0,2.0,3.0,4.0,5.0,6.0,7.0,8.0,0.0,0.0,0.0,1.0,0.0,0.0,0.0,1.0,0.0,0.0,0.0,1.0,0.6443793773651123,0.1317942887544632,0.1317942887544632,-0.060750000178813934,-1.7565345743686053e-17,8.787966827763366e-19,-5.505290640679325e-18,-4.816823775399826e-07,-4.816823775399826e-07,-136.09735107421875,-3.740646996390181e-15,-5.633869818556054e-15,-4.990320443253602e-15,0.1228046640753746,0.1228046640753746,-0.03535560145974159,-1.4238919974004083e-17,4.806655963268569e-18,-2.026105291374124e-18
0.0,36.0,1.0,2.0,3.0,4.0,5.0,6.0,7.0,8.0,0.0,0.0,0.0,1.0,0.0,0.0,0.0,1.0,0.0,0.0,0.0,1.0,0.653506875038147,0.13596002757549286,0.13596002757549286,-0.06255000084638596,-2.3203197040610676e-17,-2.177298190917179e-18,-8.058247943703786e-18,8.455794886685908e-05,8.455794886685908e-05,-136.09677124023438,-8.659421954721e-15,-8.89566113777612e-15,-7.68331219773346e-15,0.12673363089561462,0.12673363089561462,-0.03648674860596657,-1.5299825431717644e-17,4.188013786994754e-18,-2.560435429352247e-18
0.0,37.0,1.0,2.0,3.0,4.0,5.0,6.0,7.0,8.0,0.0,0.0,0.0,1.0,0.0,0.0,0.0,1.0,0.0,0.0,0.0,1.0,0.6622089743614197,0.14011737704277039,0.14011737704277039,-0.06435000151395798,-1.8795237583099297e-17,-2.98706168849229e-18,-9.255952531121367e-18,-2.50829486958537e-07,-2.50829486958537e-07,-136.09735107421875,-3.3024626649736646e-15,-8.931275485076374e-15,-8.334338332861325e-15,0.1306532621383667,0.1306532621383667,-0.03761520981788635,-1.570346310086392e-17,3.5683719629506684e-18,-3.1386623880773337e-18
0.0,38.0,1.0,2.0,3.0,4.0,5.0,6.0,7.0,8.0,0.0,0.0,0.0,1.0,0.0,0.0,0.0,1.0,0.0,0.0,0.0,1.0,0.6705110669136047,0.14426842331886292,0.14426842331886292,-0.06615000218153,-1.962871800319753e-17,-3.6477473873506444e-18,-1.2357787183966615e-17,5.666921060765162e-05,5.666921060765162e-05,-136.09695434570312,-3.628460447141664e-15,-8.781565799780965e-15,-1.1219097923083083e-14,0.13456584513187408,0.13456584513187408,-0.03874164819717407,-1.6146148658006373e-17,2.9602089242669812e-18,-3.91563561899023e-18
0.0,39.0,1.0,2.0,3.0,4.0,5.0,6.0,7.0,8.0,0.0,0.0,0.0,1.0,0.0,0.0,0.0,1.0,0.0,0.0,0.0,1.0,0.6784337759017944,0.14841385185718536,0.14841385185718536,-0.06795000284910202,-2.3653818568549964e-17,-7.598309053344701e-18,-1.7153687731320463e-17,-1.0337988243236396e-07,-1.0337988243236396e-07,-136.09735107421875,-6.7927387923749725e-15,-1.256721015094461e-14,-1.575650857889039e-14,0.13847221434116364,0.13847221434116364,-0.03986629098653793,-1.6973570807298267e-17,2.091260860658854e-18,-5.005104864026166e-18
0.0,40.0,1.0,2.0,3.0,4.0,5.0,6.0,7.0,8.0,0.0,0.0,0.0,1.0,0.0,0.0,0.0,1.0,0.0,0.0,0.0,1.0,0.6859988570213318,0.15255552530288696,0.15255552530288696,-0.06975000351667404,-2.1627715758717678e-17,-1.3056589365451413e-17,-2.2335835302622273e-17,3.180804196745157e-05,3.180804196745157e-05,-136.09713745117188,-4.123047220208186e-15,-1.764115011026763e-14,-2.0183326377939438e-14,0.14237438142299652,0.14237438142299652,-0.04098972678184509,-1.7475259157534128e-17,8.727873190237154e-19,-6.399166412432197e-18
0.0,41.0,1.0,2.0,3.0,4.0,5.0,6.0,7.0,8.0,0.0,0.0,0.0,1.0,0.0,0.0,0.0,1.0,0.0,0.0,0.0,1.0,0.6932246685028076,0.15669438242912292,0.15669438242912292,-0.07154999673366547,-2.1570117518304385e-17,-1.1741994231312738e-17,-2.408241723986064e-17,-2.413193733730168e-08,-2.4131916021019606e-08,-136.09735107421875,-3.553218933953538e-15,-1.438059842376587e-14,-2.015855066423225e-14,0.1462734341621399,0.1462734341621399,-0.042112261056900024,-1.7907262504246072e-17,-1.1968222958967163e-19,-7.79039858955299e-18
0.0,42.0,1.0,2.0,3.0,4.0,5.0,6.0,7.0,8.0,0.0,0.0,0.0,1.0,0.0,0.0,0.0,1.0,0.0,0.0,0.0,1.0,0.7001297473907471,0.16083204746246338,0.16083204746246338,-0.07334999740123749,-2.3047342978315885e-17,-1.09661120516278e-17,-2.507683391993719e-17,9.592759852239396e-06,9.592759852239396e-06,-136.0972900390625,-4.3703245131154495e-15,-1.2108159798147194e-14,-1.92973112803866e-14,0.15017113089561462,0.15017113089561462,-0.043234411627054214,-1.84384299171521e-17,-9.550335771371333e-19,-9.121735032109125e-18
0.0,43.0,1.0,2.0,3.0,4.0,5.0,6.0,7.0,8.0,0.0,0.0,0.0,1.0,0.0,0.0,0.0,1.0,0.0,0.0,0.0,1.0,0.7067307233810425,0.16496968269348145,0.16496968269348145,-0.07514999806880951,-2.397230295671758e-17,-1.7942275405214217e-17,-2.6376182461025285e-17,-2.316190642059901e-12,-2.3073108094268102e-12,-136.09735107421875,-4.6120668692288796e-15,-1.8577385791263175e-14,-1.8869603687736436e-14,0.15406879782676697,0.15406879782676697,-0.04435655474662781,-1.8998973822332333e-17,-2.2366918268500178e-18,-1.0423553534506305e-17
0.0,44.0,1.0,2.0,3.0,4.0,5.0,6.0,7.0,8.0,0.0,0.0,0.0,1.0,0.0,0.0,0.0,1.0,0.0,0.0,0.0,1.0,0.7130433320999146,0.16910867393016815,0.16910867393016815,-0.07694999873638153,-2.371819307254129e-17,-1.911118087242515e-17,-2.9620318649009256e-17,-1.02944804893923e-05,-1.02944804893923e-05,-136.09742736816406,-3.8567146506030166e-15,-1.808570857637047e-14,-2.0574674234295764e-14,0.15796798467636108,0.15796798467636108,-0.04547912999987602,-1.9467895894143744e-17,-3.484913575047131e-18,-1.1843556294102612e-17
0.0,45.0,1.0,2.0,3.0,4.0,5.0,6.0,7.0,8.0,0.0,0.0,0.0,1.0,0.0,0.0,0.0,1.0,0.0,0.0,0.0,1.0,0.7190824151039124,0.17325042188167572,0.17325042188167572,-0.07874999940395355,-1.983200591053856e-17,-1.6952940922821194e-17,-3.3386227132501875e-17,-1.9779333726432924e-08,-1.977934793728764e-08,-136.09735107421875,-2.918894329781836e-16,-1.415217735481391e-14,-2.263699786701854e-14,0.16187024116516113,0.16187024116516113,-0.04660259187221527,-1.9503413375285546e-17,-4.462423924174014e-18,-1.3407124520813622e-17
0.0,46.0,1.0,2.0,3.0,4.0,5.0,6.0,7.0,8.0,0.0,0.0,0.0,1.0,0.0,0.0,0.0,1.0,0.0,0.0,0.0,1.0,0.7248615622520447,0.17739610373973846,0.17739610373973846,-0.08055000007152557,-1.6996139603131163e-17,-1.493700250835596e-17,-3.395882140484578e-17,-2.8116195608163252e-05,-2.8116195608163252e-05,-136.09754943847656,1.9723581458125274e-15,-1.0795494205062366e-14,-2.118135141837129e-14,0.16577686369419098,0.16577686369419098,-0.0477273091673851,-1.9263145531479718e-17,-5.2089180310561694e-18,-1.487178758886228e-17
0.0,47.0,1.0,2.0,3.0,4.0,5.0,6.0,7.0,8.0,0.0,0.0,0.0,1.0,0.0,0.0,0.0,1.0,0.0,0.0,0.0,1.0,0.7303941249847412,0.18154731392860413,0.18154731392860413,-0.0823500007390976,-1.9665987452876718e-17,-1.393072736701785e-17,-3.3157528236743214e-17,-7.383745526112762e-08,-7.383744815570026e-08,-136.09735107421875,-3.1107856735153577e-16,-8.81993808635748e-15,-1.849147462755496e-14,0.16968965530395508,0.16968965530395508,-0.0488538034260273,-1.93010998867061e-17,-5.819768165959735e-18,-1.6152466663525054e-17
0.0,48.0,1.0,2.0,3.0,4.0,5.0,6.0,7.0,8.0,0.0,0.0,0.0,1.0,0.0,0.0,0.0,1.0,0.0,0.0,0.0,1.0,0.7356916069984436,0.1857050061225891,0.1857050061225891,-0.08415000140666962,-1.9164543948102172e-17,-1.4991212616980235e-17,-3.530390972508561e-17,-4.408513632370159e-05,-4.408513632370159e-05,-136.09765625,1.0355203435054926e-16,-9.103770356652923e-15,-1.901012814775182e-14,0.1736096739768982,0.1736096739768982,-0.049982376396656036,-1.9288442368972815e-17,-6.4514384368812606e-18,-1.7471495485747012e-17
0.0,49.0,1.0,2.0,3.0,4.0,5.0,6.0,7.0,8.0,0.0,0.0,0.0,1.0,0.0,0.0,0.0,1.0,0.0,0.0,0.0,1.0,0.7407661080360413,0.18987101316452026,0.18987101316452026,-0.08595000207424164,-2.18682731157379e-17,-1.9466934710271958e-17,-4.05809249864799e-17,-1.5387122687116062e-07,-1.5387124108201533e-07,-136.09735107421875,-1.9217623267741863e-15,-1.2686165763991109e-14,-2.252469315667388e-14,0.1775389313697815,0.1775389313697815,-0.05111360922455788,-1.952390429341971e-17,-7.333753532393091e-18,-1.9038074649887715e-17
0.0,50.0,1.0,2.0,3.0,4.0,5.0,6.0,7.0,8.0,0.0,0.0,0.0,1.0,0.0,0.0,0.0,1.0,0.0,0.0,0.0,1.0,0.7456275224685669,0.1940460503101349,0.1940460503101349,-0.08775000274181366,-2.1227916207613648e-17,-1.66785022479108e-17,-3.945437116663168e-17,-5.8369518228573725e-05,-5.8369518228573725e-05,-136.09776306152344,-1.2473945047188333e-15,-8.947341158986946e-15,-1.954804658530103e-14,0.18147826194763184,0.18147826194763184,-0.05224774405360222,-1.9677129575727807e-17,-7.957629693992836e-18,-2.040111113505872e-17
0.0,51.0,1.0,2.0,3.0,4.0,5.0,6.0,7.0,8.0,0.0,0.0,0.0,1.0,0.0,0.0,0.0,1.0,0.0,0.0,0.0,1.0,0.7502867579460144,0.19823217391967773,0.19823217391967773,-0.08955000340938568,-2.6157647960633676e-17,-2.013100854091933e-17,-3.428916425427496e-17,-2.5265620706704794e-07,-2.5265620706704794e-07,-136.09735107421875,-4.663456358138798e-15,-1.1453842092986298e-14,-1.3067167112896724e-14,0.1854299157857895,0.1854299157857895,-0.053385429084300995,-2.025177029290717e-17,-8.758776451126982e-18,-2.1315102698537962e-17
0.0,52.0,1.0,2.0,3.0,4.0,5.0,6.0,7.0,8.0,0.0,0.0,0.0,1.0,0.0,0.0,0.0,1.0,0.0,0.0,0.0,1.0,0.7547522187232971,0.202429860830307,0.202429860830307,-0.0913499966263771,-2.891219910510466e-17,-2.1154224341202524e-17,-3.938322039906232e-17,-7.109790021786466e-05,-7.109790021786466e-05,-136.09783935546875,-6.1286768201888626e-15,-1.1465301601729701e-14,-1.6712297168440353e-14,0.18939447402954102,0.18939447402954102,-0.05452682450413704,-2.100942141189144e-17,-9.563342772913423e-18,-2.2487872753570744e-17
0.0,53.0,1.0,2.0,3.0,4.0,5.0,6.0,7.0,8.0,0.0,0.0,0.0,1.0,0.0,0.0,0.0,1.0,0.0,0.0,0.0,1.0,0.7590338587760925,0.20664139091968536,0.20664139091968536,-0.09314999729394913,-2.4731244477457434e-17,-2.5301297650959578e-17,-3.9571261713352776e-17,-3.638415364548564e-07,-3.638415648765658e-07,-136.09735107421875,-2.5909126376326896e-15,-1.43155276586919e-14,-1.5539358130334593e-14,0.1933743953704834,0.1933743953704834,-0.055672649294137955,-2.1330963059603054e-17,-1.0571818214680923e-17,-2.3582561921862196e-17
0.0,54.0,1.0,2.0,3.0,4.0,5.0,6.0,7.0,8.0,0.0,0.0,0.0,1.0,0.0,0.0,0.0,1.0,0.0,0.0,0.0,1.0,0.7631388306617737,0.2108670026063919,0.2108670026063919,-0.09494999796152115,-2.2603497713954632e-17,-2.2214709591164908e-17,-3.610689695908269e-17,-8.236376743298024e-05,-8.236376743298024e-05,-136.09793090820312,-8.717630800010145e-16,-1.0418951637591097e-14,-1.1207734976095667e-14,0.19737005233764648,0.19737005233764648,-0.0568229965865612,-2.1439578491476167e-17,-1.1308691383858473e-17,-2.4375220978730936e-17
0.0,55.0,1.0,2.0,3.0,4.0,5.0,6.0,7.0,8.0,0.0,0.0,0.0,1.0,0.0,0.0,0.0,1.0,0.0,0.0,0.0,1.0,0.7670761942863464,0.21510916948318481,0.21510916948318481,-0.09674999862909317,-2.4717691950301365e-17,-1.96329531679338e-17,-3.5054882038592847e-17,-4.817784997612762e-07,-4.817784429178573e-07,-136.09735107421875,-2.2106562542041847e-15,-7.330969361565246e-15,-9.405310697743665e-15,0.20138409733772278,0.20138409733772278,-0.05797864496707916,-2.1716280332542505e-17,-1.1829557916596377e-17,-2.5043470417110475e-17
0.0,56.0,1.0,2.0,3.0,4.0,5.0,6.0,7.0,8.0,0.0,0.0,0.0,1.0,0.0,0.0,0.0,1.0,0.0,0.0,0.0,1.0,0.7708519697189331,0.21936792135238647,0.21936792135238647,-0.09854999929666519,-2.865808922092837e-17,-2.044271666550891e-17,-3.739608110480373e-17,-9.223003144143149e-05,-9.223003144143149e-05,-136.09799194335938,-4.609993332574001e-15,-7.46788715529122e-15,-1.0710113283979132e-14,0.20541666448116302,0.20541666448116302,-0.05913962051272392,-2.2295961888374767e-17,-1.2362598893589836e-17,-2.5807932541258507e-17
0.0,57.0,1.0,2.0,3.0,4.0,5.0,6.0,7.0,8.0,0.0,0.0,0.0,1.0,0.0,0.0,0.0,1.0,0.0,0.0,0.0,1.0,0.7744745016098022,0.2236459106206894,0.2236459106206894,-0.10034999996423721,-2.457877854695166e-17,-2.3319240554384515e-17,-3.836847492825167e-17,-6.013866027387849e-07,-6.01386545895366e-07,-136.09735107421875,-1.493352543810748e-15,-9.355714377583084e-15,-1.0725259927141934e-14,0.20947059988975525,0.20947059988975525,-0.06030675023794174,-2.2484739393410394e-17,-1.3033930406931747e-17,-2.6577538074455394e-17
0.0,58.0,1.0,2.0,3.0,4.0,5.0,6.0,7.0,8.0,0.0,0.0,0.0,1.0,0.0,0.0,0.0,1.0,0.0,0.0,0.0,1.0,0.7779489755630493,0.22794297337532043,0.22794297337532043,-0.10215000063180923,-3.0528337968465866e-17,-2.6683655420878596e-17,-4.212083088458822e-17,-0.0001007335158647038,-0.0001007335158647038,-136.09805297851562,-5.185218065735606e-15,-1.1482944450988061e-14,-1.3075922892472492e-14,0.2135458141565323,0.2135458141565323,-0.06148000434041023,-2.314364665395176e-17,-1.3862222750228046e-17,-2.7520737385363884e-17
0.0,59.0,1.0,2.0,3.0,4.0,5.0,6.0,7.0,8.0,0.0,0.0,0.0,1.0,0.0,0.0,0.0,1.0,0.0,0.0,0.0,1.0,0.781282901763916,0.23226189613342285,0.23226189613342285,-0.10395000129938126,-2.9694857548367634e-17,-1.9782030966650557e-17,-3.7489254729001706e-17,-7.180604484346986e-07,-7.180605052781175e-07,-136.09735107421875,-4.16287428587161e-15,-4.908035851109056e-15,-8.264768975804488e-15,0.2176453322172165,0.2176453322172165,-0.06266025453805923,-2.3675796757425498e-17,-1.421836453578214e-17,-2.8120454909993405e-17
0.0,60.0,1.0,2.0,3.0,4.0,5.0,6.0,7.0,8.0,0.0,0.0,0.0,1.0,0.0,0.0,0.0,1.0,0.0,0.0,0.0,1.0,0.7844806909561157,0.2366023063659668,0.2366023063659668,-0.10575000196695328,-3.2551052646509135e-17,-2.01648898588095e-17,-4.436377412891761e-17,-0.00010788969666464254,-0.00010788969666464254,-136.0980987548828,-5.5612032855275814e-15,-4.860696026719961e-15,-1.3277307516781044e-14,0.2217688113451004,0.2217688113451004,-0.06384740769863129,-2.4390853037946963e-17,-1.4573132374338783e-17,-2.908952346737888e-17
0.0,61.0,1.0,2.0,3.0,4.0,5.0,6.0,7.0,8.0,0.0,0.0,0.0,1.0,0.0,0.0,0.0,1.0,0.0,0.0,0.0,1.0,0.7875493168830872,0.24096715450286865,0.24096715450286865,-0.1075500026345253,-3.0335214456491885e-17,-2.020215930848869e-17,-4.628653891918487e-17,-8.276179528365901e-07,-8.276179528365901e-07,-136.09735107421875,-3.673973221463532e-15,-4.5377558217333126e-15,-1.3863116350135065e-14,0.2259194552898407,0.2259194552898407,-0.06504238396883011,-2.486636443051797e-17,-1.4906512630977255e-17,-3.010802102944807e-17
0.0,62.0,1.0,2.0,3.0,4.0,5.0,6.0,7.0,8.0,0.0,0.0,0.0,1.0,0.0,0.0,0.0,1.0,0.0,0.0,0.0,1.0,0.7904924750328064,0.24535584449768066,0.24535584449768066,-0.10935000330209732,-3.5298827527402085e-17,-2.3952821198930732e-17,-4.984238323175842e-17,-0.00011369783896952868,-0.00011369783896952868,-136.09814453125,-6.362402432973004e-15,-7.194732582328865e-15,-1.5695181699443284e-14,0.230096697807312,0.230096697807312,-0.06624501198530197,-2.569510345134505e-17,-1.5438479100355007e-17,-3.1268495871855865e-17
0.0,63.0,1.0,2.0,3.0,4.0,5.0,6.0,7.0,8.0,0.0,0.0,0.0,1.0,0.0,0.0,0.0,1.0,0.0,0.0,0.0,1.0,0.7933165431022644,0.24977146089076996,0.24977146089076996,-0.11114999651908875,-3.0152255339884956e-17,-2.4830347332286187e-17,-4.9501875986962193e-17,-9.262896014661237e-07,-9.262896014661237e-07,-136.09735107421875,-2.6829882953727843e-15,-7.371653201054817e-15,-1.4311333151537098e-14,0.23430387675762177,0.23430387675762177,-0.06745626032352448,-2.6047083691237388e-17,-1.59874358595146e-17,-3.2334241990514086e-17
0.0,64.0,1.0,2.0,3.0,4.0,5.0,6.0,7.0,8.0,0.0,0.0,0.0,1.0,0.0,0.0,0.0,1.0,0.0,0.0,0.0,1.0,0.7960247993469238,0.2542131841182709,0.2542131841182709,-0.11294999718666077,-3.141941662897739e-17,-2.485067612302029e-17,-4.898349182324256e-17,-0.00011814662866527215,-0.00011814662866527215,-136.09817504882812,-3.1930910179671108e-15,-6.868098043142767e-15,-1.290145443412884e-14,0.2385401725769043,0.2385401725769043,-0.06867589056491852,-2.6468882937912878e-17,-1.6502431891445214e-17,-3.33016396430622e-17
0.0,65.0,1.0,2.0,3.0,4.0,5.0,6.0,7.0,8.0,0.0,0.0,0.0,1.0,0.0,0.0,0.0,1.0,0.0,0.0,0.0,1.0,0.7986229658126831,0.2586842179298401,0.2586842179298401,-0.11474999785423279,-3.071468521686181e-17,-2.1323630930653384e-17,-4.770108394109955e-17,-1.010748860608146e-06,-1.010748860608146e-06,-136.09735107421875,-2.4923904238892793e-15,-3.689447242860447e-15,-1.1019247275442009e-14,0.24280905723571777,0.24280905723571777,-0.06990490108728409,-2.6800653501079322e-17,-1.678120995584906e-17,-3.413426310404583e-17
0.0,66.0,1.0,2.0,3.0,4.0,5.0,6.0,7.0,8.0,0.0,0.0,0.0,1.0,0.0,0.0,0.0,1.0,0.0,0.0,0.0,1.0,0.8011139035224915,0.2631835341453552,0.2631835341453552,-0.11654999852180481,-3.0213241712087266e-17,-2.0114067881974243e-17,-4.611374419794499e-17,-0.00012122045882279053,-0.00012122045882279053,-136.0981903076172,-1.979278404991595e-15,-2.519678437318024e-15,-9.056621961709907e-15,0.24710945785045624,0.24710945785045624,-0.07114299386739731,-2.7066069289867987e-17,-1.6973003361398055e-17,-3.482364204399242e-17
0.0,67.0,1.0,2.0,3.0,4.0,5.0,6.0,7.0,8.0,0.0,0.0,0.0,1.0,0.0,0.0,0.0,1.0,0.0,0.0,0.0,1.0,0.8035029172897339,0.26771438121795654,0.26771438121795654,-0.11834999918937683,-3.0382648301538126e-17,-2.1953823443410583e-17,-4.6640598691137167e-17,-1.0781776609292137e-06,-1.0781776609292137e-06,-136.0973663330078,-1.9010720647298423e-15,-3.7211690502515944e-15,-8.828445685279702e-15,0.2514449656009674,0.2514449656009674,-0.07239118218421936,-2.7323077614910663e-17,-1.7258565961186062e-17,-3.5501136052897854e-17
0.0,68.0,1.0,2.0,3.0,4.0,5.0,6.0,7.0,8.0,0.0,0.0,0.0,1.0,0.0,0.0,0.0,1.0,0.0,0.0,0.0,1.0,0.8057924509048462,0.27227556705474854,0.27227556705474854,-0.12014999985694885,-3.8033049881138967e-17,-2.5738366651742797e-17,-4.655081319872821e-17,-0.00012290618906263262,-0.00012290618906263262,-136.09820556640625,-6.069311669047598e-15,-6.2628574269457844e-15,-8.160870220428381e-15,0.2558142840862274,0.2558142840862274,-0.07364910840988159,-2.8149988566584e-17,-1.7742923223227712e-17,-3.6132281477720715e-17
0.0,69.0,1.0,2.0,3.0,4.0,5.0,6.0,7.0,8.0,0.0,0.0,0.0,1.0,0.0,0.0,0.0,1.0,0.0,0.0,0.0,1.0,0.8079874515533447,0.27687036991119385,0.27687036991119385,-0.12195000052452087,-3.391308162569405e-17,-3.309400076569914e-17,-5.025404124412401e-17,-1.1263589385634987e-06,-1.1263589385634987e-06,-136.0973663330078,-3.2297234988699648e-15,-1.12113958524937e-14,-1.0313584127084451e-14,0.2602209746837616,0.2602209746837616,-0.07491780072450638,-2.85937908175534e-17,-1.8617416912457548e-17,-3.6936747710653037e-17
0.0,70.0,1.0,2.0,3.0,4.0,5.0,6.0,7.0,8.0,0.0,0.0,0.0,1.0,0.0,0.0,0.0,1.0,0.0,0.0,0.0,1.0,0.8100900053977966,0.28149738907814026,0.28149738907814026,-0.1237500011920929,-3.230033089412186e-17,-3.616703629833774e-17,-4.936296258361249e-17,-0.00012320037058088928,-0.00012320037058088928,-136.09820556640625,-2.054914000258431e-15,-1.2678808435811258e-14,-8.977380335428373e-15,0.26466357707977295,0.26466357707977295,-0.0761968269944191,-2.88784567535574e-17,-1.9614421013490162e-17,-3.764268680646294e-17
0.0,71.0,1.0,2.0,3.0,4.0,5.0,6.0,7.0,8.0,0.0,0.0,0.0,1.0,0.0,0.0,0.0,1.0,0.0,0.0,0.0,1.0,0.8121045827865601,0.2861599028110504,0.2861599028110504,-0.12555000185966492,-2.7455302435827264e-17,-3.1589670251375504e-17,-4.492959213768348e-17,-1.1537849786691368e-06,-1.1537849786691368e-06,-136.0973663330078,7.80738484269344e-16,-8.560677394828936e-15,-5.209148017044961e-15,0.2691456973552704,0.2691456973552704,-0.07748723030090332,-2.876933839587185e-17,-2.02935826185105e-17,-3.8055952857939335e-17
0.0,72.0,1.0,2.0,3.0,4.0,5.0,6.0,7.0,8.0,0.0,0.0,0.0,1.0,0.0,0.0,0.0,1.0,0.0,0.0,0.0,1.0,0.8140332698822021,0.29085633158683777,0.29085633158683777,-0.12735000252723694,-2.6137319169899573e-17,-3.2653543633126905e-17,-4.6594858911985435e-17,-0.00012211645662318915,-0.00012211645662318915,-136.09820556640625,1.4293081709106136e-15,-8.745955687645447e-15,-6.042161298472782e-15,0.27366557717323303,0.27366557717323303,-0.07878851145505905,-2.856789344693559e-17,-2.0993288081224207e-17,-3.8539347281747974e-17
0.0,73.0,1.0,2.0,3.0,4.0,5.0,6.0,7.0,8.0,0.0,0.0,0.0,1.0,0.0,0.0,0.0,1.0,0.0,0.0,0.0,1.0,0.8158800601959229,0.2955899238586426,0.2955899238586426,-0.12915000319480896,-2.1183870494356424e-17,-2.829301802066177e-17,-4.981189004565727e-17,-1.1597610409808112e-06,-1.1597610409808112e-06,-136.0973663330078,3.970306851027502e-15,-5.114272703655954e-15,-7.897669978662158e-15,0.2782268226146698,0.2782268226146698,-0.08010169118642807,-2.800319378635789e-17,-2.1406193481953527e-17,-3.917697118512835e-17
0.0,74.0,1.0,2.0,3.0,4.0,5.0,6.0,7.0,8.0,0.0,0.0,0.0,1.0,0.0,0.0,0.0,1.0,0.0,0.0,0.0,1.0,0.8176467418670654,0.3003588616847992,0.3003588616847992,-0.13095000386238098,-1.7683930356301655e-17,-3.232150671780322e-17,-5.540061343164114e-17,-0.00011969154729740694,-0.00011969154729740694,-136.0981903076172,5.4957505085944e-15,-7.57445660555002e-15,-1.1258061438656781e-14,0.2828274667263031,0.2828274667263031,-0.0814262256026268,-2.721477982039277e-17,-2.2023005521122068e-17,-4.009375200163312e-17
0.0,75.0,1.0,2.0,3.0,4.0,5.0,6.0,7.0,8.0,0.0,0.0,0.0,1.0,0.0,0.0,0.0,1.0,0.0,0.0,0.0,1.0,0.8193371891975403,0.3051663935184479,0.3051663935184479,-0.132750004529953,-1.9581284158151288e-17,-3.50557290715401e-17,-4.814154107367179e-17,-1.1444873280197498e-06,-1.1444873280197498e-06,-136.0973663330078,4.02770730924761e-15,-8.959967032098719e-15,-5.5328365756405085e-15,0.28747105598449707,0.28747105598449707,-0.08276310563087463,-2.6631579438234708e-17,-2.275945103792293e-17,-4.0548509432635174e-17
0.0,76.0,1.0,2.0,3.0,4.0,5.0,6.0,7.0,8.0,0.0,0.0,0.0,1.0,0.0,0.0,0.0,1.0,0.0,0.0,0.0,1.0,0.8209530115127563,0.31001052260398865,0.31001052260398865,-0.13455000519752502,-1.713505300648087e-17,-3.38732710771731e-17,-4.518539608775428e-17,-0.00011599207209656015,-0.00011599207209656015,-136.09815979003906,4.965985610195459e-15,-7.57249148911239e-15,-3.1593791066663896e-15,0.2921554148197174,0.2921554148197174,-0.08411173522472382,-2.5906203252391032e-17,-2.338732082752008e-17,-4.081047091518582e-17
0.0,77.0,1.0,2.0,3.0,4.0,5.0,6.0,7.0,8.0,0.0,0.0,0.0,1.0,0.0,0.0,0.0,1.0,0.0,0.0,0.0,1.0,0.8224976658821106,0.31489431858062744,0.31489431858062744,-0.13635000586509705,-1.5264804258943374e-17,-3.4906651272823344e-17,-4.47957609320173e-17,-1.1090942280134186e-06,-1.1090942280134186e-06,-136.0973663330078,5.516360090750518e-15,-7.780759950183277e-15,-2.691874729780666e-15,0.2968839108943939,0.2968839108943939,-0.08547306805849075,-2.509283986479009e-17,-2.4038540271448377e-17,-4.103576844426566e-17
0.0,78.0,1.0,2.0,3.0,4.0,5.0,6.0,7.0,8.0,0.0,0.0,0.0,1.0,0.0,0.0,0.0,1.0,0.0,0.0,0.0,1.0,0.8239728212356567,0.31981566548347473,0.31981566548347473,-0.13815000653266907,-2.7014845303255028e-17,-3.6272068383797276e-17,-4.586471651145223e-17,-0.00011111751518910751,-0.00011111751518910751,-136.09812927246094,-9.880269811598174e-16,-8.19428058799988e-15,-3.2345329519444747e-15,0.30165424942970276,0.30165424942970276,-0.08684645593166351,-2.5239808352944836e-17,-2.4730437149179582e-17,-4.130888363019597e-17
0.0,79.0,1.0,2.0,3.0,4.0,5.0,6.0,7.0,8.0,0.0,0.0,0.0,1.0,0.0,0.0,0.0,1.0,0.0,0.0,0.0,1.0,0.8253816366195679,0.3247774839401245,0.3247774839401245,-0.1399500072002411,-3.4136698323769185e-17,-4.065292278699652e-17,-5.362184424240711e-17,-1.0556140068729292e-06,-1.0556140068729292e-06,-136.09735107421875,-4.5364632494558025e-15,-1.0579051876050474e-14,-8.180850033588215e-15,0.306469589471817,0.306469589471817,-0.08823280036449432,-2.5920978352492454e-17,-2.5632128536950162e-17,-4.200616379935367e-17
0.0,80.0,1.0,2.0,3.0,4.0,5.0,6.0,7.0,8.0,0.0,0.0,0.0,1.0,0.0,0.0,0.0,1.0,0.0,0.0,0.0,1.0,0.8267256617546082,0.32977747917175293,0.32977747917175293,-0.14174999296665192,-3.5397083349283584e-17,-3.575707235186666e-17,-5.334232336981319e-17,-0.00010520163777982816,-0.00010520163777982816,-136.09808349609375,-4.794217492887654e-15,-6.674925826774319e-15,-7.473425056700369e-15,0.3113275170326233,0.3113275170326233,-0.08963140100240707,-2.664721315181196e-17,-2.620608434858233e-17,-4.2648783873633865e-17
0.0,81.0,1.0,2.0,3.0,4.0,5.0,6.0,7.0,8.0,0.0,0.0,0.0,1.0,0.0,0.0,0.0,1.0,0.0,0.0,0.0,1.0,0.8280078768730164,0.33481842279434204,0.33481842279434204,-0.14354999363422394,-2.658794069783886e-17,-3.54690811498002e-17,-4.653048440799411e-17,-9.868756478681462e-07,-9.868756478681462e-07,-136.09735107421875,2.9760883104861617e-17,-6.06083964550916e-15,-2.5398229983860992e-15,0.31623098254203796,0.31623098254203796,-0.09104309976100922,-2.6642662004081693e-17,-2.6732121587329303e-17,-4.2869220889434347e-17
0.0,82.0,1.0,2.0,3.0,4.0,5.0,6.0,7.0,8.0,0.0,0.0,0.0,1.0,0.0,0.0,0.0,1.0,0.0,0.0,0.0,1.0,0.8292297720909119,0.33989787101745605,0.33989787101745605,-0.14534999430179596,-3.428916425427496e-17,-3.744097385100821e-17,-5.619851846795469e-17,-9.841065184446052e-05,-9.841065184446052e-05,-136.09803771972656,-3.811643603963142e-15,-6.956465602398019e-15,-8.658705364847624e-15,0.3211773633956909,0.3211773633956909,-0.09246716648340225,-2.7230569043925182e-17,-2.7341179635435773e-17,-4.3627315377226946e-17
0.0,83.0,1.0,2.0,3.0,4.0,5.0,6.0,7.0,8.0,0.0,0.0,0.0,1.0,0.0,0.0,0.0,1.0,0.0,0.0,0.0,1.0,0.8303940892219543,0.34501832723617554,0.34501832723617554,-0.14714999496936798,-2.785849011872031e-17,-3.418497920176268e-17,-5.692188460490986e-17,-9.063237484951969e-07,-9.063237484951969e-07,-136.09735107421875,-3.10817310626867e-16,-4.414829318230085e-15,-8.576121346556224e-15,0.32616937160491943,0.32616937160491943,-0.09390436857938766,-2.727895083795341e-17,-2.773127470359333e-17,-4.4385102153831675e-17
0.0,84.0,1.0,2.0,3.0,4.0,5.0,6.0,7.0,8.0,0.0,0.0,0.0,1.0,0.0,0.0,0.0,1.0,0.0,0.0,0.0,1.0,0.831502377986908,0.3501773178577423,0.3501773178577423,-0.14894999563694,-3.046396346447454e-17,-3.365304251088698e-17,-6.761313446515364e-17,-9.093797416426241e-05,-9.093797416426241e-05,-136.0979766845703,-1.5660175945315631e-15,-3.794643652711748e-15,-1.488442547925399e-14,0.3312043249607086,0.3312043249607086,-0.09535393863916397,-2.752481869450622e-17,-2.8069454262145835e-17,-4.571161199751356e-17
0.0,85.0,1.0,2.0,3.0,4.0,5.0,6.0,7.0,8.0,0.0,0.0,0.0,1.0,0.0,0.0,0.0,1.0,0.0,0.0,0.0,1.0,0.8325570821762085,0.35537704825401306,0.35537704825401306,-0.15074999630451202,-2.6377876526919794e-17,-3.8196527239959047e-17,-6.411488839299338e-17,-8.177738664016942e-07,-8.177738664016942e-07,-136.09735107421875,5.602862483455916e-16,-6.447774036693818e-15,-1.17171261910143e-14,0.3362846076488495,0.3362846076488495,-0.09681655466556549,-2.7436060560418056e-17,-2.8649258240708754e-17,-4.676524819200401e-17
0.0,86.0,1.0,2.0,3.0,4.0,5.0,6.0,7.0,8.0,0.0,0.0,0.0,1.0,0.0,0.0,0.0,1.0,0.0,0.0,0.0,1.0,0.8335598111152649,0.3606150150299072,0.3606150150299072,-0.15254999697208405,-4.180742869410413e-17,-3.5956972127418677e-17,-6.67762659132664e-17,-8.299601176986471e-05,-8.299601176986471e-05,-136.09793090820312,-6.977167934661861e-15,-4.624243391362134e-15,-1.2662758008493737e-14,0.34140750765800476,0.34140750765800476,-0.09829143434762955,-2.855061529830058e-17,-2.9068569328101685e-17,-4.7913467526456216e-17
0.0,87.0,1.0,2.0,3.0,4.0,5.0,6.0,7.0,8.0,0.0,0.0,0.0,1.0,0.0,0.0,0.0,1.0,0.0,0.0,0.0,1.0,0.8345128297805786,0.36589309573173523,0.36589309573173523,-0.15434999763965607,-5.63391259371989e-17,-3.564865213461811e-17,-6.636121976911179e-17,-7.251304623423493e-07,-7.251305191857682e-07,-136.09735107421875,-1.3410761792785695e-14,-4.1392662070822116e-15,-1.1604741012539652e-14,0.3465750217437744,0.3465750217437744,-0.0997791588306427,-3.071156178286881e-17,-2.9447176511912106e-17,-4.897491561465161e-17
0.0,88.0,1.0,2.0,3.0,4.0,5.0,6.0,7.0,8.0,0.0,0.0,0.0,1.0,0.0,0.0,0.0,1.0,0.0,0.0,0.0,1.0,0.8354176878929138,0.37120872735977173,0.37120872735977173,-0.1561499983072281,-4.129920892575155e-17,-2.7130888817028867e-17,-6.684741668083576e-17,-7.480548811145127e-05,-7.480548811145127e-05,-136.09786987304688,-5.0806467661993794e-15,1.448899619464132e-15,-1.1179731219826492e-14,0.3517844080924988,0.3517844080924988,-0.10127894580364227,-3.153686634979257e-17,-2.931357360809499e-17,-5.0005777872517247e-17
0.0,89.0,1.0,2.0,3.0,4.0,5.0,6.0,7.0,8.0,0.0,0.0,0.0,1.0,0.0,0.0,0.0,1.0,0.0,0.0,0.0,1.0,0.8362765908241272,0.37656354904174805,0.37656354904174805,-0.1579499989748001,-4.50126013665144e-17,-2.350897593456948e-17,-5.956123926855426e-17,-6.321025693978299e-07,-6.321025693978299e-07,-136.09735107421875,-6.431237412464572e-15,3.611338099629392e-15,-5.944941821402249e-15,0.35703736543655396,0.35703736543655396,-0.10279127955436707,-3.259030071221355e-17,-2.8977794527680116e-17,-5.055853635377213e-17
0.0,90.0,1.0,2.0,3.0,4.0,5.0,6.0,7.0,8.0,0.0,0.0,0.0,1.0,0.0,0.0,0.0,1.0,0.0,0.0,0.0,1.0,0.8370910286903381,0.38195499777793884,0.38195499777793884,-0.15974999964237213,-5.3713323800710575e-17,-2.864199559493054e-17,-5.699134130658472e-17,-6.658353959210217e-05,-6.658353959210217e-05,-136.09780883789062,-1.0028566010662852e-14,2.0784540781840325e-16,-3.981635069664081e-15,0.36233118176460266,0.36233118176460266,-0.1043153628706932,-3.4245743889560826e-17,-2.895831938733817e-17,-5.093162127981315e-17
0.0,91.0,1.0,2.0,3.0,4.0,5.0,6.0,7.0,8.0,0.0,0.0,0.0,1.0,0.0,0.0,0.0,1.0,0.0,0.0,0.0,1.0,0.837863028049469,0.3873843550682068,0.3873843550682068,-0.16155000030994415,-4.6872685718684845e-17,-2.831673494318489e-17,-5.835167621987512e-17,-5.419537956186105e-07,-5.419537956186105e-07,-136.09735107421875,-5.9649860090660745e-15,3.9515849876734584e-16,-4.5700900339453246e-15,0.36766713857650757,0.36766713857650757,-0.10585159063339233,-3.52382448193387e-17,-2.8920996998099775e-17,-5.136326066705557e-17
0.0,92.0,1.0,2.0,3.0,4.0,5.0,6.0,7.0,8.0,0.0,0.0,0.0,1.0,0.0,0.0,0.0,1.0,0.0,0.0,0.0,1.0,0.8385940194129944,0.3928491175174713,0.3928491175174713,-0.16335000097751617,-5.071482716743035e-17,-2.8184597803413217e-17,-5.4751786194044347e-17,-5.853182665305212e-05,-5.853182665305212e-05,-136.09776306152344,-7.27656528239605e-15,4.51436267755428e-16,-2.0772746112747605e-15,0.3730425536632538,0.3730425536632538,-0.10739917308092117,-3.645792924999304e-17,-2.887804316325112e-17,-5.156090720261899e-17
0.0,93.0,1.0,2.0,3.0,4.0,5.0,6.0,7.0,8.0,0.0,0.0,0.0,1.0,0.0,0.0,0.0,1.0,0.0,0.0,0.0,1.0,0.8392860293388367,0.3983502686023712,0.3983502686023712,-0.1651500016450882,-4.952898104127433e-17,-2.415949723806078e-17,-5.536673211375097e-17,-4.57317952395897e-07,-4.5731800923931587e-07,-136.09735107421875,-6.1176713211051875e-15,2.8796795101206e-15,-2.3226551856548846e-15,0.3784584403038025,0.3784584403038025,-0.1089584082365036,-3.749108114379422e-17,-2.8601989831785024e-17,-5.1783564371183564e-17
0.0,94.0,1.0,2.0,3.0,4.0,5.0,6.0,7.0,8.0,0.0,0.0,0.0,1.0,0.0,0.0,0.0,1.0,0.0,0.0,0.0,1.0,0.8399404883384705,0.4038853347301483,0.4038853347301483,-0.16695000231266022,-4.886490721062696e-17,-2.1875896412263188e-17,-5.740469338484482e-17,-5.0826249207602814e-05,-5.0826249207602814e-05,-136.0977020263672,-5.300431063704663e-15,4.087459130929297e-15,-3.4159712208946084e-15,0.3839121460914612,0.3839121460914612,-0.11052853614091873,-3.839246978346061e-17,-2.820741475342988e-17,-5.2113314959294154e-17
0.0,95.0,1.0,2.0,3.0,4.0,5.0,6.0,7.0,8.0,0.0,0.0,0.0,1.0,0.0,0.0,0.0,1.0,0.0,0.0,0.0,1.0,0.8405591249465942,0.40945500135421753,0.40945500135421753,-0.16875000298023224,-5.013884476329743e-17,-2.971603337204899e-17,-5.970015267190397e-17,-3.8009827107998717e-07,-3.8009827107998717e-07,-136.09735107421875,-5.451520142154675e-15,-9.130762120308365e-16,-4.591861321788602e-15,0.3894043564796448,0.3894043564796448,-0.11210974305868149,-3.932609530595941e-17,-2.829618115932417e-17,-5.255971124866452e-17
0.0,96.0,1.0,2.0,3.0,4.0,5.0,6.0,7.0,8.0,0.0,0.0,0.0,1.0,0.0,0.0,0.0,1.0,0.0,0.0,0.0,1.0,0.8411434292793274,0.4150569438934326,0.4150569438934326,-0.17055000364780426,-6.201763481559174e-17,-2.643632180028034e-17,-5.341686226917157e-17,-4.3609161366475746e-05,-4.3609161366475746e-05,-136.09765625,-1.0490220989773074e-14,1.1213481671126313e-15,-5.167953946083788e-16,0.39493250846862793,0.39493250846862793,-0.11370130628347397,-4.1134411386673834e-17,-2.8186457305430236e-17,-5.261027845387111e-17
0.0,97.0,1.0,2.0,3.0,4.0,5.0,6.0,7.0,8.0,0.0,0.0,0.0,1.0,0.0,0.0,0.0,1.0,0.0,0.0,0.0,1.0,0.8416950106620789,0.4206915497779846,0.4206915497779846,-0.17235000431537628,-6.417926289698471e-17,-2.897742064204324e-17,-5.154322538984506e-17,-3.114532205472642e-07,-3.114532205472642e-07,-136.09735107421875,-1.0613958103806824e-14,-4.751472081083584e-16,6.409985885213554e-16,0.4004970192909241,0.4004970192909241,-0.11530333012342453,-4.29760860071313e-17,-2.8233255875766036e-17,-5.2547144720798615e-17
0.0,98.0,1.0,2.0,3.0,4.0,5.0,6.0,7.0,8.0,0.0,0.0,0.0,1.0,0.0,0.0,0.0,1.0,0.0,0.0,0.0,1.0,0.8422152996063232,0.42635658383369446,0.42635658383369446,-0.1741500049829483,-6.85499529048169e-17,-2.5765471706054935e-17,-4.592400881776003e-17,-3.698502041515894e-05,-3.698502041515894e-05,-136.0976104736328,-1.1737438888122405e-14,1.4773269980860519e-15,3.964909557087597e-15,0.4060954451560974,0.4060954451560974,-0.11691511422395706,-4.5025111646098653e-17,-2.80868614509564e-17,-5.215424385600328e-17
0.0,99.0,1.0,2.0,3.0,4.0,5.0,6.0,7.0,8.0,0.0,0.0,0.0,1.0,0.0,0.0,0.0,1.0,0.0,0.0,0.0,1.0,0.8427059054374695,0.43205222487449646,0.43205222487449646,-0.17595000565052032,-7.133499723538904e-17,-2.6294020265141618e-17,-5.0672475520067636e-17,-2.518579265142762e-07,-2.518579265142762e-07,-136.09735107421875,-1.2034851637661177e-14,1.0697511551306356e-15,8.841416194921888e-16,0.4117279052734375,0.4117279052734375,-0.11853670328855515,-4.713883604385746e-17,-2.7980211400218714e-17,-5.2066099489929627e-17
0.0,100.0,1.0,2.0,3.0,4.0,5.0,6.0,7.0,8.0,0.0,0.0,0.0,1.0,0.0,0.0,0.0,1.0,0.0,0.0,0.0,1.0,0.8431680798530579,0.4377763271331787,0.4377763271331787,-0.17775000631809235,-6.729634414288053e-17,-2.458640184347695e-17,-4.4185897209994204e-17,-3.10194882331416e-05,-3.10194882331416e-05,-136.09756469726562,-9.191517887790785e-15,2.018743999344778e-15,4.687392662195257e-15,0.4173921048641205,0.4173921048641205,-0.12016742676496506,-4.876227064022138e-17,-2.777781353921679e-17,-5.15961484054362e-17
0.0,101.0,1.0,2.0,3.0,4.0,5.0,6.0,7.0,8.0,0.0,0.0,0.0,1.0,0.0,0.0,0.0,1.0,0.0,0.0,0.0,1.0,0.8436033129692078,0.4435288906097412,0.4435288906097412,-0.17955000698566437,-6.821791598949321e-17,-1.3032872442928292e-17,-3.7528218244575404e-17,-2.0121879629186878e-07,-2.0121878208101407e-07,-136.09735107421875,-8.844866265995174e-15,8.744957035800634e-15,8.343433772648942e-15,0.4230879843235016,0.4230879843235016,-0.1218072697520256,-5.033320904619024e-17,-2.689615812024347e-17,-5.0754975205641225e-17
0.0,102.0,1.0,2.0,3.0,4.0,5.0,6.0,7.0,8.0,0.0,0.0,0.0,1.0,0.0,0.0,0.0,1.0,0.0,0.0,0.0,1.0,0.8440128564834595,0.449307918548584,0.449307918548584,-0.1813499927520752,-6.751996084095567e-17,-9.88868614272033e-18,-4.001341291181952e-17,-2.5741755962371826e-05,-2.5741755962371826e-05,-136.0975341796875,-7.79132838026617e-15,1.0058878778746241e-14,6.352975803303011e-15,0.42881330847740173,0.42881330847740173,-0.12345559895038605,-5.172418934681451e-17,-2.587678374672497e-17,-5.011115737383405e-17
0.0,103.0,1.0,2.0,3.0,4.0,5.0,6.0,7.0,8.0,0.0,0.0,0.0,1.0,0.0,0.0,0.0,1.0,0.0,0.0,0.0,1.0,0.8443980813026428,0.4551132321357727,0.4551132321357727,-0.18314999341964722,-7.622068327515184e-17,9.262305278225774e-19,-4.2417292416127225e-17,-1.5901578365173918e-07,-1.5901581207344861e-07,-136.09735107421875,-1.1075301374792457e-14,1.5810710217185192e-14,4.5384999401774755e-15,0.4345678985118866,0.4345678985118866,-0.12511233985424042,-5.371155363419971e-17,-2.426633588597813e-17,-4.964887590798022e-17
0.0,104.0,1.0,2.0,3.0,4.0,5.0,6.0,7.0,8.0,0.0,0.0,0.0,1.0,0.0,0.0,0.0,1.0,0.0,0.0,0.0,1.0,0.8447601199150085,0.46094295382499695,0.46094295382499695,-0.18494999408721924,-8.484686680998964e-17,-4.650634396899736e-18,-4.093159662664318e-17,-2.1149297026568092e-05,-2.1149297026568092e-05,-136.09750366210938,-1.404135071696221e-14,1.1542434115972573e-14,5.129493885718114e-15,0.44034966826438904,0.44034966826438904,-0.12677691876888275,-5.624306710702435e-17,-2.308508722966668e-17,-4.9123923930196914e-17
0.0,105.0,1.0,2.0,3.0,4.0,5.0,6.0,7.0,8.0,0.0,0.0,0.0,1.0,0.0,0.0,0.0,1.0,0.0,0.0,0.0,1.0,0.8451003432273865,0.46679675579071045,0.46679675579071045,-0.18674999475479126,-8.740151817890861e-17,-1.0863197548536402e-18,-3.886314216944818e-17,-1.244487037865838e-07,-1.2444868957572908e-07,-136.09735107421875,-1.4018218247172694e-14,1.2914436908111407e-14,6.0236205942903326e-15,0.4461582601070404,0.4461582601070404,-0.1284492164850235,-5.878212115831302e-17,-2.1757298564757785e-17,-4.850461049685601e-17
0.0,106.0,1.0,2.0,3.0,4.0,5.0,6.0,7.0,8.0,0.0,0.0,0.0,1.0,0.0,0.0,0.0,1.0,0.0,0.0,0.0,1.0,0.8454197645187378,0.4726729691028595,0.4726729691028595,-0.18854999542236328,-8.689329841055603e-17,-1.9672340199981125e-18,-4.022347708273859e-17,-1.721414810162969e-05,-1.721414810162969e-05,-136.09747314453125,-1.261887661962828e-14,1.1592297251511539e-14,4.8507857412370854e-15,0.45199182629585266,0.45199182629585266,-0.13012869656085968,-6.107754074070277e-17,-2.05603252050017e-17,-4.800373940106535e-17
0.0,107.0,1.0,2.0,3.0,4.0,5.0,6.0,7.0,8.0,0.0,0.0,0.0,1.0,0.0,0.0,0.0,1.0,0.0,0.0,0.0,1.0,0.845719575881958,0.4785711169242859,0.4785711169242859,-0.1903499960899353,-7.475701034229641e-17,7.153616756036194e-18,-3.8859754037659164e-17,-9.656840660454691e-08,-9.656842081540162e-08,-136.09735107421875,-6.1275693246103276e-15,1.6200131920619462e-14,5.3450989226616445e-15,0.45784980058670044,0.45784980058670044,-0.13181520998477936,-6.219684184094012e-17,-1.8880556300200467e-17,-4.7449511847042573e-17
0.0,108.0,1.0,2.0,3.0,4.0,5.0,6.0,7.0,8.0,0.0,0.0,0.0,1.0,0.0,0.0,0.0,1.0,0.0,0.0,0.0,1.0,0.8460007905960083,0.48448970913887024,0.48448970913887024,-0.19214999675750732,-7.143664118905955e-17,3.1691737721519647e-18,-3.5774860043759e-17,-1.3889795809518546e-05,-1.3889795809518546e-05,-136.09744262695312,-4.13063028266848e-15,1.2864032518519145e-14,6.81110881941855e-15,0.4637305438518524,0.4637305438518524,-0.13350827991962433,-6.295429443657738e-17,-1.754152459640575e-17,-4.6740538652745824e-17
0.0,109.0,1.0,2.0,3.0,4.0,5.0,6.0,7.0,8.0,0.0,0.0,0.0,1.0,0.0,0.0,0.0,1.0,0.0,0.0,0.0,1.0,0.8462645411491394,0.49042820930480957,0.49042820930480957,-0.19394999742507935,-7.7040611168094e-17,2.755821693891866e-18,-3.4316269308587097e-17,-7.438337235043946e-08,-7.438337945586682e-08,-136.09735107421875,-6.285413490814693e-15,1.181992549762487e-14,7.23512843061637e-15,0.46963343024253845,0.46963343024253845,-0.13520771265029907,-6.411122232851855e-17,-1.630654063314163e-17,-4.598458821710096e-17
0.0,110.0,1.0,2.0,3.0,4.0,5.0,6.0,7.0,8.0,0.0,0.0,0.0,1.0,0.0,0.0,0.0,1.0,0.0,0.0,0.0,1.0,0.8465116620063782,0.4963851869106293,0.4963851869106293,-0.19574999809265137,-8.479265670136536e-17,2.1391817082907355e-18,-3.218513441329528e-17,-1.1117836038465612e-05,-1.1117836038465612e-05,-136.09742736816406,-9.211942393247928e-15,1.0723157591366848e-14,8.022115212239812e-15,0.4755569398403168,0.4755569398403168,-0.13691309094429016,-6.581275270087483e-17,-1.518223509019833e-17,-4.514348119175499e-17
0.0,111.0,1.0,2.0,3.0,4.0,5.0,6.0,7.0,8.0,0.0,0.0,0.0,1.0,0.0,0.0,0.0,1.0,0.0,0.0,0.0,1.0,0.8467432260513306,0.5023601651191711,0.5023601651191711,-0.1975499987602234,-8.700171862780458e-17,9.538861535504303e-18,-3.061812346087482e-17,-5.693607008083745e-08,-5.693610205526056e-08,-136.09735107421875,-9.422328436686951e-15,1.43479503858469e-14,8.430415586002486e-15,0.48150041699409485,0.48150041699409485,-0.13862423598766327,-6.755901038331307e-17,-1.3672802525856466e-17,-4.4256584756420536e-17
0.0,112.0,1.0,2.0,3.0,4.0,5.0,6.0,7.0,8.0,0.0,0.0,0.0,1.0,0.0,0.0,0.0,1.0,0.0,0.0,0.0,1.0,0.8469600677490234,0.5083518028259277,0.5083518028259277,-0.1993499994277954,-9.245661080812227e-17,-1.6487496318304956e-18,-2.1204199285090528e-17,-8.833863830659539e-06,-8.833863830659539e-06,-136.097412109375,-1.1054265311547396e-14,6.968074612456613e-15,1.33591181939916e-14,0.48746252059936523,0.48746252059936523,-0.14034071564674377,-6.961413068903372e-17,-1.2937454677728463e-17,-4.284678444249946e-17
0.0,113.0,1.0,2.0,3.0,4.0,5.0,6.0,7.0,8.0,0.0,0.0,0.0,1.0,0.0,0.0,0.0,1.0,0.0,0.0,0.0,1.0,0.8471630811691284,0.5143595337867737,0.5143595337867737,-0.20115000009536743,-9.236174311802979e-17,-5.192735483142488e-18,-2.261874430700521e-17,-4.335223025009327e-08,-4.3352155643106016e-08,-136.09735107421875,-1.0084901324951788e-14,4.481738991832544e-15,1.1705626871722375e-14,0.4934425354003906,0.4934425354003906,-0.14206236600875854,-7.149466956339137e-17,-1.2463068250790527e-17,-4.160775722040118e-17
0.0,114.0,1.0,2.0,3.0,4.0,5.0,6.0,7.0,8.0,0.0,0.0,0.0,1.0,0.0,0.0,0.0,1.0,0.0,0.0,0.0,1.0,0.8473530411720276,0.520382285118103,0.520382285118103,-0.20295000076293945,-9.728131047568277e-17,-7.740610588483424e-18,-2.9088381958133555e-17,-6.972244591452181e-06,-6.972244591452181e-06,-136.09739685058594,-1.1416553161549322e-14,2.729152438031091e-15,7.235064903145325e-15,0.4994392395019531,0.4994392395019531,-0.14378882944583893,-7.362947052315803e-17,-1.2173385464371393e-17,-4.08397994309845e-17
0.0,115.0,1.0,2.0,3.0,4.0,5.0,6.0,7.0,8.0,0.0,0.0,0.0,1.0,0.0,0.0,0.0,1.0,0.0,0.0,0.0,1.0,0.847530722618103,0.526419460773468,0.526419460773468,-0.20475000143051147,-9.696960235109318e-17,2.65417774022135e-18,-3.3145669775481654e-17,-3.286599792318157e-08,-3.2865948185190064e-08,-136.09735107421875,-1.0320091034185259e-14,8.558220999281899e-15,4.440923015203201e-15,0.5054519772529602,0.5054519772529602,-0.1455198973417282,-7.556440479459717e-17,-1.1262551249290266e-17,-4.03671616638615e-17
0.0,116.0,1.0,2.0,3.0,4.0,5.0,6.0,7.0,8.0,0.0,0.0,0.0,1.0,0.0,0.0,0.0,1.0,0.0,0.0,0.0,1.0,0.847696840763092,0.5324699878692627,0.5324699878692627,-0.2065500020980835,-1.0871964339540484e-16,-5.572206243512415e-18,-2.7973686599546896e-17,-5.469666575663723e-06,-5.469666575663723e-06,-136.09739685058594,-1.4642285864688298e-14,3.2805128649367535e-15,7.144901634041894e-15,0.5114796757698059,0.5114796757698059,-0.14725527167320251,-7.83165207193448e-17,-1.0912547143881315e-17,-3.960485848111223e-17
0.0,117.0,1.0,2.0,3.0,4.0,5.0,6.0,7.0,8.0,0.0,0.0,0.0,1.0,0.0,0.0,0.0,1.0,0.0,0.0,0.0,1.0,0.8478521704673767,0.5385333895683289,0.5385333895683289,-0.20835000276565552,-1.2041547433109222e-16,-1.0424010965385047e-17,-2.242223266324221e-17,-2.482840599782321e-08,-2.482846994666943e-08,-136.09735107421875,-1.8571043208554135e-14,2.8133283488677367e-16,9.89494825729938e-15,0.5175216197967529,0.5175216197967529,-0.14899474382400513,-8.18153491266563e-17,-1.0882460103460924e-17,-3.854664301475069e-17
0.0,118.0,1.0,2.0,3.0,4.0,5.0,6.0,7.0,8.0,0.0,0.0,0.0,1.0,0.0,0.0,0.0,1.0,0.0,0.0,0.0,1.0,0.8479973673820496,0.5446087121963501,0.5446087121963501,-0.21015000343322754,-1.247861643389244e-16,-1.669205477506687e-17,-2.306428363726097e-17,-4.26752922066953e-06,-4.26752922066953e-06,-136.09738159179688,-1.8935606189052386e-14,-3.342120535805874e-15,8.906630214443063e-15,0.5235768556594849,0.5235768556594849,-0.15073804557323456,-8.53907016667963e-17,-1.1240668186185175e-17,-3.7592033574472645e-17
0.0,119.0,1.0,2.0,3.0,4.0,5.0,6.0,7.0,8.0,0.0,0.0,0.0,1.0,0.0,0.0,0.0,1.0,0.0,0.0,0.0,1.0,0.8481329679489136,0.5506953597068787,0.5506953597068787,-0.21195000410079956,-1.287028446870283e-16,-1.0498549864743426e-17,-2.4329750860458896e-17,-1.8703891768723224e-08,-1.8703897097793742e-08,-136.09735107421875,-1.9067082643125198e-14,4.265102586396613e-16,7.62210051476718e-15,0.529644787311554,0.529644787311554,-0.15248499810695648,-8.899842012994428e-17,-1.1194858923861989e-17,-3.6773386157118714e-17
0.0,120.0,1.0,2.0,3.0,4.0,5.0,6.0,7.0,8.0,0.0,0.0,0.0,1.0,0.0,0.0,0.0,1.0,0.0,0.0,0.0,1.0,0.8482596278190613,0.556792676448822,0.556792676448822,-0.21375000476837158,-1.3911118554288913e-16,-1.6759817410847214e-17,-2.560877061081289e-17,-3.313329898446682e-06,-3.313329898446682e-06,-136.09738159179688,-2.204045289105807e-14,-3.195407864836088e-15,6.410739215141018e-15,0.5357244610786438,0.5357244610786438,-0.1542353481054306,-9.317684027619464e-17,-1.1538726176306408e-17,-3.608350760008214e-17
0.0,121.0,1.0,2.0,3.0,4.0,5.0,6.0,7.0,8.0,0.0,0.0,0.0,1.0,0.0,0.0,0.0,1.0,0.0,0.0,0.0,1.0,0.8483779430389404,0.5629000067710876,0.5629000067710876,-0.2155500054359436,-1.4565027989569233e-16,-1.0539207446211632e-17,-2.2347693763883833e-17,-1.4059145847511445e-08,-1.405916272290142e-08,-136.09735107421875,-2.3058683055413726e-14,5.734401935604181e-16,7.88045826917395e-15,0.5418154001235962,0.5418154001235962,-0.1559889316558838,-9.75563513380791e-17,-1.1476902697324194e-17,-3.5233903775484023e-17
0.0,122.0,1.0,2.0,3.0,4.0,5.0,6.0,7.0,8.0,0.0,0.0,0.0,1.0,0.0,0.0,0.0,1.0,0.0,0.0,0.0,1.0,0.8484883904457092,0.5690167546272278,0.5690167546272278,-0.21735000610351562,-1.4626014361771543e-16,-1.0939006997315662e-17,-2.6689584651509377e-17,-2.5612571334932e-06,-2.5612571334932e-06,-136.0973663330078,-2.138482228482893e-14,3.0835607111016244e-16,4.8981454709004415e-15,0.5479167699813843,0.5479167699813843,-0.15774551033973694,-1.0162490866409262e-16,-1.1443601233043422e-17,-3.470492177375636e-17
0.0,123.0,1.0,2.0,3.0,4.0,5.0,6.0,7.0,8.0,0.0,0.0,0.0,1.0,0.0,0.0,0.0,1.0,0.0,0.0,0.0,1.0,0.8485914468765259,0.5751423239707947,0.5751423239707947,-0.21915000677108765,-1.5370725728997524e-16,-1.6820803783049523e-17,-3.70352450692734e-17,-1.0550052387259257e-08,-1.0550057716329775e-08,-136.09735107421875,-2.285092281411119e-14,-3.0802772408211523e-15,-1.3349028549282144e-15,0.5540279746055603,0.5540279746055603,-0.1595049351453781,-1.0597945210636777e-16,-1.1776799509947132e-17,-3.484932103892852e-17
0.0,124.0,1.0,2.0,3.0,4.0,5.0,6.0,7.0,8.0,0.0,0.0,0.0,1.0,0.0,0.0,0.0,1.0,0.0,0.0,0.0,1.0,0.8486876487731934,0.5812762379646301,0.5812762379646301,-0.22095000743865967,-1.604157582322293e-16,-3.0427541047742604e-17,-3.805676680366209e-17,-1.9722035631275503e-06,-1.9722035631275503e-06,-136.0973663330078,-2.3866805003137058e-14,-1.0676530968719341e-14,-1.836088120532966e-15,0.5601484179496765,0.5601484179496765,-0.1612670123577118,-1.1053443133723188e-16,-1.293343292559023e-17,-3.504823150646792e-17
0.0,125.0,1.0,2.0,3.0,4.0,5.0,6.0,7.0,8.0,0.0,0.0,0.0,1.0,0.0,0.0,0.0,1.0,0.0,0.0,0.0,1.0,0.8487773537635803,0.5874179005622864,0.5874179005622864,-0.2227499932050705,-1.5766459521954733e-16,-3.046819862921081e-17,-3.795342878409706e-17,-7.906882260044767e-09,-7.906916010824716e-09,-136.09735107421875,-2.0649845020232795e-14,-1.0031226541150177e-14,-1.6619952154223031e-15,0.5662776231765747,0.5662776231765747,-0.16303160786628723,-1.1448105562351018e-16,-1.4021703999508883e-17,-3.522853702766978e-17
0.0,126.0,1.0,2.0,3.0,4.0,5.0,6.0,7.0,8.0,0.0,0.0,0.0,1.0,0.0,0.0,0.0,1.0,0.0,0.0,0.0,1.0,0.8488610982894897,0.59356689453125,0.59356689453125,-0.22454999387264252,-1.5822702509652418e-16,-2.674125366129189e-17,-3.813469383480948e-17,-1.5133938404687797e-06,-1.5133938404687797e-06,-136.0973663330078,-1.9155233361945953e-14,-7.272179345795167e-15,-1.6615436409822982e-15,0.5724148750305176,0.5724148750305176,-0.1647985279560089,-1.1814688187032879e-16,-1.4811694571721526e-17,-3.540903445477375e-17
0.0,127.0,1.0,2.0,3.0,4.0,5.0,6.0,7.0,8.0,0.0,0.0,0.0,1.0,0.0,0.0,0.0,1.0,0.0,0.0,0.0,1.0,0.8489391803741455,0.5997227430343628,0.5997227430343628,-0.22634999454021454,-1.6492197351162217e-16,-2.7086843103771643e-17,-3.5795188834493105e-17,-5.920567147654765e-09,-5.920507639700645e-09,-136.09735107421875,-2.0469779368173686e-14,-7.01415828698493e-15,-2.2065283714846389e-16,0.5785597562789917,0.5785597562789917,-0.16656765341758728,-1.2206914734192863e-16,-1.557460490504041e-17,-3.543303592742759e-17
0.0,128.0,1.0,2.0,3.0,4.0,5.0,6.0,7.0,8.0,0.0,0.0,0.0,1.0,0.0,0.0,0.0,1.0,0.0,0.0,0.0,1.0,0.8490119576454163,0.6058849692344666,0.6058849692344666,-0.22814999520778656,-1.769837226805234e-16,-2.82794654935057e-17,-4.329481854948268e-17,-1.1577843679333455e-06,-1.1577844816201832e-06,-136.0973663330078,-2.401884572310331e-14,-7.255896831450098e-15,-4.4899585995527e-15,0.5847117900848389,0.5847117900848389,-0.1683388203382492,-1.266767948167552e-16,-1.6364722863067386e-17,-3.592195922645053e-17
0.0,129.0,1.0,2.0,3.0,4.0,5.0,6.0,7.0,8.0,0.0,0.0,0.0,1.0,0.0,0.0,0.0,1.0,0.0,0.0,0.0,1.0,0.8490798473358154,0.6120532155036926,0.6120532155036926,-0.22994999587535858,-1.8122566368037295e-16,-2.983800611645361e-17,-4.941209049455324e-17,-2.0988393316656584e-06,-2.0988393316656584e-06,-136.0973663330078,-2.3846889564481215e-14,-7.690988010301478e-15,-7.700605222384603e-15,0.5908704996109009,0.5908704996109009,-0.17011190950870514,-1.312564372647632e-16,-1.7203129970893983e-17,-3.6761415199293847e-17
0.0,130.0,1.0,2.0,3.0,4.0,5.0,6.0,7.0,8.0,0.0,0.0,0.0,1.0,0.0,0.0,0.0,1.0,0.0,0.0,0.0,1.0,0.8491431474685669,0.6182270646095276,0.6182270646095276,-0.2317499965429306,-1.8594871939426293e-16,-3.149819069307204e-17,-5.352358842052561e-17,-3.844003337860613e-09,-3.844019325072168e-09,-136.09735107421875,-2.389835698042228e-14,-8.156359769984252e-15,-9.564024343268387e-15,0.5970355272293091,0.5970355272293091,-0.17188681662082672,-1.3585063809155211e-16,-1.809317631000104e-17,-3.7805068978152e-17
0.0,131.0,1.0,2.0,3.0,4.0,5.0,6.0,7.0,8.0,0.0,0.0,0.0,1.0,0.0,0.0,0.0,1.0,0.0,0.0,0.0,1.0,0.8492020964622498,0.6244062185287476,0.6244062185287476,-0.23354999721050262,-1.855082622616907e-16,-3.044786983847671e-17,-4.997790850331911e-17,-7.695205681557127e-07,-7.695205113122938e-07,-136.09735107421875,-2.168891727728859e-14,-7.046241777444555e-15,-6.942524710635634e-15,0.6032063364982605,0.6032063364982605,-0.1736634075641632,-1.4002404883201286e-16,-1.886280831297753e-17,-3.8563375224181414e-17
0.0,132.0,1.0,2.0,3.0,4.0,5.0,6.0,7.0,8.0,0.0,0.0,0.0,1.0,0.0,0.0,0.0,1.0,0.0,0.0,0.0,1.0,0.8492570519447327,0.6305902600288391,0.6305902600288391,-0.23534999787807465,-1.936262260281759e-16,-3.182345134481769e-17,-4.9364656649506997e-17,-1.3945543742011068e-06,-1.3945543742011068e-06,-136.0973663330078,-2.340221759596344e-14,-7.38889709779502e-15,-6.157840164562828e-15,0.609382688999176,0.609382688999176,-0.17544156312942505,-1.445311243792428e-16,-1.9670584922721288e-17,-3.923656789390157e-17
0.0,133.0,1.0,2.0,3.0,4.0,5.0,6.0,7.0,8.0,0.0,0.0,0.0,1.0,0.0,0.0,0.0,1.0,0.0,0.0,0.0,1.0,0.8493083119392395,0.6367788910865784,0.6367788910865784,-0.23714999854564667,-1.9611989102489256e-16,-2.417304976521685e-17,-5.064367639986099e-17,-2.484559225024441e-09,-2.4845570045783916e-09,-136.09735107421875,-2.251459652394261e-14,-2.5659164836009784e-15,-6.500814392817935e-15,0.6155641078948975,0.6155641078948975,-0.17722120881080627,-1.488708579798308e-16,-1.995133167698301e-17,-3.994784726774612e-17
0.0,134.0,1.0,2.0,3.0,4.0,5.0,6.0,7.0,8.0,0.0,0.0,0.0,1.0,0.0,0.0,0.0,1.0,0.0,0.0,0.0,1.0,0.8493559956550598,0.6429718732833862,0.6429718732833862,-0.2389499992132187,-2.0265898537769576e-16,-3.3354886913453466e-17,-5.0287922562014184e-17,-5.099913664707856e-07,-5.099912527839479e-07,-136.09735107421875,-2.34661194555702e-14,-7.635936797960579e-15,-5.89068809058119e-15,0.6217503547668457,0.6217503547668457,-0.17900222539901733,-1.5339748145929658e-16,-2.0787454111957736e-17,-4.059286616580272e-17
0.0,135.0,1.0,2.0,3.0,4.0,5.0,6.0,7.0,8.0,0.0,0.0,0.0,1.0,0.0,0.0,0.0,1.0,0.0,0.0,0.0,1.0,0.8494004607200623,0.6491687893867493,0.6491687893867493,-0.2407499998807907,-2.0381772644953965e-16,-3.002096523306054e-17,-5.247496163182479e-17,-9.223230108545977e-07,-9.223230108545977e-07,-136.09735107421875,-2.198952927026914e-14,-5.258591447758563e-15,-6.766989837811389e-15,0.6279410123825073,0.6279410123825073,-0.18078452348709106,-1.576423473697921e-16,-2.13636763984683e-17,-4.1334377336674853e-17
0.0,136.0,1.0,2.0,3.0,4.0,5.0,6.0,7.0,8.0,0.0,0.0,0.0,1.0,0.0,0.0,0.0,1.0,0.0,0.0,0.0,1.0,0.8494418859481812,0.6553695201873779,0.6553695201873779,-0.24255000054836273,-1.9073953774393325e-16,-3.383600162749391e-17,-4.391484666687283e-17,-1.247863679054717e-06,-1.247863679054717e-06,-136.0973663330078,-1.4430058371621944e-14,-7.101002457484545e-15,-1.4691667885513224e-15,0.634135901927948,0.634135901927948,-0.1825680285692215,-1.60429800450308e-16,-2.2142311435231817e-17,-4.149547241533078e-17
0.0,137.0,1.0,2.0,3.0,4.0,5.0,6.0,7.0,8.0,0.0,0.0,0.0,1.0,0.0,0.0,0.0,1.0,0.0,0.0,0.0,1.0,0.8494804501533508,0.6615737080574036,0.6615737080574036,-0.24435000121593475,-1.906107887359506e-16,-4.2448632635175634e-17,-4.860910326055616e-17,-1.5013970369182061e-06,-1.5013970369182061e-06,-136.0973663330078,-1.3154835022937544e-14,-1.1557983946818267e-14,-4.048947507432959e-15,0.6403346061706543,0.6403346061706543,-0.18435265123844147,-1.629725271835164e-16,-2.3410457069253188e-17,-4.193972465255341e-17
0.0,138.0,1.0,2.0,3.0,4.0,5.0,6.0,7.0,8.0,0.0,0.0,0.0,1.0,0.0,0.0,0.0,1.0,0.0,0.0,0.0,1.0,0.8495163917541504,0.6677811741828918,0.6677811741828918,-0.24615000188350677,-2.0400068556614658e-16,-3.557750136704875e-17,-5.955615707087074e-17,-1.2049090614141278e-09,-1.2049692355020625e-09,-136.09735107421875,-1.7877941558804358e-14,-6.9234524932787825e-15,-1.0024335081091316e-14,0.6465370655059814,0.6465370655059814,-0.186138316988945,-1.6643022155332686e-16,-2.417054837104449e-17,-4.304024544416336e-17
0.0,139.0,1.0,2.0,3.0,4.0,5.0,6.0,7.0,8.0,0.0,0.0,0.0,1.0,0.0,0.0,0.0,1.0,0.0,0.0,0.0,1.0,0.8495498895645142,0.6739916801452637,0.6739916801452637,-0.2479500025510788,-1.9813921757114682e-16,-3.8708135140100644e-17,-5.377939237059641e-17,-2.5407092607565573e-07,-2.5407095449736516e-07,-136.09735107421875,-1.3813683507333304e-14,-8.270363628421103e-15,-6.109448748769716e-15,0.652742862701416,0.652742862701416,-0.18792496621608734,-1.6910332518596343e-16,-2.5079004441864528e-17,-4.371133707512763e-17
0.0,140.0,1.0,2.0,3.0,4.0,5.0,6.0,7.0,8.0,0.0,0.0,0.0,1.0,0.0,0.0,0.0,1.0,0.0,0.0,0.0,1.0,0.8495810627937317,0.6802050471305847,0.6802050471305847,-0.24975000321865082,-2.2031792826205342e-16,-3.044786983847671e-17,-5.1607599893836384e-17,-4.593298967847659e-07,-4.59329839941347e-07,-136.09735107421875,-2.2305901158266306e-14,-3.053630854849953e-15,-4.491130046118752e-15,0.6589518189430237,0.6589518189430237,-0.1897125393152237,-1.7342197560709868e-16,-2.5414601542544642e-17,-4.4204915746638024e-17
0.0,141.0,1.0,2.0,3.0,4.0,5.0,6.0,7.0,8.0,0.0,0.0,0.0,1.0,0.0,0.0,0.0,1.0,0.0,0.0,0.0,1.0,0.8496100902557373,0.6864210963249207,0.6864210963249207,-0.25154998898506165,-2.12748841845389e-16,-3.796274614651686e-17,-3.881909645619096e-17,-6.205777935974766e-07,-6.205778504408954e-07,-136.09735107421875,-1.7124627724966063e-14,-7.135461451844745e-15,3.0626297328815826e-15,0.6651636958122253,0.6651636958122253,-0.1915009468793869,-1.7673904927277513e-16,-2.6199169118661388e-17,-4.3868170519267686e-17
0.0,142.0,1.0,2.0,3.0,4.0,5.0,6.0,7.0,8.0,0.0,0.0,0.0,1.0,0.0,0.0,0.0,1.0,0.0,0.0,0.0,1.0,0.8496370911598206,0.6926395893096924,0.6926395893096924,-0.25334998965263367,-2.1020096674004805e-16,-3.091543202536108e-17,-5.965949509043576e-17,-7.456744697265094e-07,-7.456744697265094e-07,-136.09735107421875,-1.4567828280492856e-14,-2.6813611450811087e-15,-8.977923283547563e-15,0.6713783740997314,0.6713783740997314,-0.19329015910625458,-1.795621306766349e-16,-2.6494125181485546e-17,-4.485576130492945e-17
0.0,143.0,1.0,2.0,3.0,4.0,5.0,6.0,7.0,8.0,0.0,0.0,0.0,1.0,0.0,0.0,0.0,1.0,0.0,0.0,0.0,1.0,0.8496622443199158,0.6988604068756104,0.6988604068756104,-0.2551499903202057,-2.0890670039664348e-16,-3.657361211301981e-17,-4.4572144233942165e-17,-8.402934668083617e-07,-8.402934668083617e-07,-136.09735107421875,-1.2772918878448895e-14,-5.729496026652802e-15,1.6121706463522167e-16,0.6775956749916077,0.6775956749916077,-0.19508010149002075,-1.8203839179326345e-16,-2.7124641949042867e-17,-4.483801993515141e-17
0.0,144.0,1.0,2.0,3.0,4.0,5.0,6.0,7.0,8.0,0.0,0.0,0.0,1.0,0.0,0.0,0.0,1.0,0.0,0.0,0.0,1.0,0.8496856689453125,0.7050833702087402,0.7050833702087402,-0.2569499909877777,-2.110547759508804e-16,-4.3790332823626446e-17,-4.2042903853440824e-17,-9.093154744732601e-07,-9.093154744732601e-07,-136.09735107421875,-1.2627852627770334e-14,-9.471687587622301e-15,1.5885611646644995e-15,0.6838153004646301,0.6838153004646301,-0.19687074422836304,-1.8448748168113085e-16,-2.816738252050476e-17,-4.4663134101323e-17
0.0,145.0,1.0,2.0,3.0,4.0,5.0,6.0,7.0,8.0,0.0,0.0,0.0,1.0,0.0,0.0,0.0,1.0,0.0,0.0,0.0,1.0,0.8497074842453003,0.7113083004951477,0.7113083004951477,-0.25874999165534973,-2.0131728518924495e-16,-1.9314468779766183e-17,-6.117060186833743e-17,-9.569441772327991e-07,-9.569441772327991e-07,-136.09735107421875,-7.323091108122834e-15,5.030618882752172e-15,-9.380276638987564e-15,0.690037190914154,0.690037190914154,-0.19866202771663666,-1.8590826033614173e-16,-2.7613361761635122e-17,-4.5696183424728224e-17
0.0,146.0,1.0,2.0,3.0,4.0,5.0,6.0,7.0,8.0,0.0,0.0,0.0,1.0,0.0,0.0,0.0,1.0,0.0,0.0,0.0,1.0,0.8497278094291687,0.7175351977348328,0.7175351977348328,-0.26054999232292175,-2.0700257033121582e-16,-2.417304976521685e-17,-6.024564188993574e-17,-9.867902690530173e-07,-9.867902690530173e-07,-136.09735107421875,-9.177297051639333e-15,1.9546494397425186e-15,-8.266430007414054e-15,0.6962611675262451,0.6962611675262451,-0.20045390725135803,-1.8768937210087051e-16,-2.7398023487130417e-17,-4.6606866265757254e-17
0.0,147.0,1.0,2.0,3.0,4.0,5.0,6.0,7.0,8.0,0.0,0.0,0.0,1.0,0.0,0.0,0.0,1.0,0.0,0.0,0.0,1.0,0.8497467041015625,0.7237637639045715,0.7237637639045715,-0.2623499929904938,-2.1355521721117508e-16,-2.388167043136137e-17,-5.288323151240136e-17,-1.001949044621142e-06,-1.001949044621142e-06,-136.09735107421875,-1.1251610435730492e-14,1.9975791870917347e-15,-3.565493711908674e-15,0.702487051486969,0.702487051486969,-0.20224635303020477,-1.8987373772294135e-16,-2.717788921943413e-17,-4.699978698288729e-17
0.0,148.0,1.0,2.0,3.0,4.0,5.0,6.0,7.0,8.0,0.0,0.0,0.0,1.0,0.0,0.0,0.0,1.0,0.0,0.0,0.0,1.0,0.8497642874717712,0.7299939393997192,0.7299939393997192,-0.2641499936580658,-2.216528521869262e-16,-2.5460539845043387e-17,-5.304247370648517e-17,-1.0050671335193329e-06,-1.0050671335193329e-06,-136.09735107421875,-1.3822052192852177e-14,9.754713059035485e-16,-3.432305827765934e-15,0.7087147831916809,0.7087147831916809,-0.2040393054485321,-1.9255791895834122e-16,-2.7070360702885912e-17,-4.737813939506905e-17
0.0,149.0,1.0,2.0,3.0,4.0,5.0,6.0,7.0,8.0,0.0,0.0,0.0,1.0,0.0,0.0,0.0,1.0,0.0,0.0,0.0,1.0,0.8497806191444397,0.7362256646156311,0.7362256646156311,-0.2659499943256378,-2.4094487459359014e-16,-2.5609617643760144e-17,-5.590713913409921e-17,-9.984024700315786e-07,-9.984024700315786e-07,-136.09735107421875,-2.1042912353472047e-14,8.296172616444823e-16,-4.843978560956476e-15,0.7149441838264465,0.7149441838264465,-0.20583276450634003,-1.9664544849888426e-16,-2.6978884453304898e-17,-4.791224991659454e-17
0.0,150.0,1.0,2.0,3.0,4.0,5.0,6.0,7.0,8.0,0.0,0.0,0.0,1.0,0.0,0.0,0.0,1.0,0.0,0.0,0.0,1.0,0.8497958779335022,0.7424588203430176,0.7424588203430176,-0.26774999499320984,-2.486156049639251e-16,-1.7362904869292276e-17,-5.617480154543157e-17,-9.838759069680236e-07,-9.83875793281186e-07,-136.09735107421875,-2.259862049824434e-14,5.460715108313594e-15,-4.692130964502198e-15,0.7211751937866211,0.7211751937866211,-0.20762665569782257,-2.0103628200899334e-16,-2.6376617558027488e-17,-4.842974734269751e-17
0.0,151.0,1.0,2.0,3.0,4.0,5.0,6.0,7.0,8.0,0.0,0.0,0.0,1.0,0.0,0.0,0.0,1.0,0.0,0.0,0.0,1.0,0.8498100638389587,0.7486932873725891,0.7486932873725891,-0.26954999566078186,-2.323661249037986e-16,-2.963471820911258e-17,-3.9090146999312333e-17,-9.631166904000565e-07,-9.631166904000565e-07,-136.09735107421875,-1.362197115224945e-14,-1.850016306801142e-15,5.3032186491340765e-15,0.7274076342582703,0.7274076342582703,-0.20942097902297974,-2.0368360407629785e-16,-2.6580706176201472e-17,-4.784471558266326e-17
0.0,152.0,1.0,2.0,3.0,4.0,5.0,6.0,7.0,8.0,0.0,0.0,0.0,1.0,0.0,0.0,0.0,1.0,0.0,0.0,0.0,1.0,0.8498232960700989,0.7549289464950562,0.7549289464950562,-0.2713499963283539,-2.4185289391304675e-16,-1.442878274000338e-17,-4.27273064748223e-17,-9.375027048008633e-07,-9.375027616442821e-07,-136.09735107421875,-1.6594066615596703e-14,6.89944927361949e-15,2.9054915686387538e-15,0.7336414456367493,0.7336414456367493,-0.21121568977832794,-2.0690923788834023e-16,-2.5819415462521968e-17,-4.7524123538294856e-17
0.0,153.0,1.0,2.0,3.0,4.0,5.0,6.0,7.0,8.0,0.0,0.0,0.0,1.0,0.0,0.0,0.0,1.0,0.0,0.0,0.0,1.0,0.8498355746269226,0.7611657977104187,0.7611657977104187,-0.2731499969959259,-2.4955750560127186e-16,-6.249832601315855e-18,-4.629670331455192e-17,-9.081948633138381e-07,-9.081948064704193e-07,-136.09735107421875,-1.8539591181156688e-14,1.1109950951565788e-14,6.968245183716366e-16,0.7398765087127686,0.7398765087127686,-0.213010773062706,-2.105137865953809e-16,-2.459328729489584e-17,-4.7447218902384576e-17
0.0,154.0,1.0,2.0,3.0,4.0,5.0,6.0,7.0,8.0,0.0,0.0,0.0,1.0,0.0,0.0,0.0,1.0,0.0,0.0,0.0,1.0,0.8498470187187195,0.7674036622047424,0.7674036622047424,-0.2749499976634979,-2.4061283767826645e-16,-1.6759817410847214e-17,-2.78754307776654e-17,-8.761671210777422e-07,-8.761671779211611e-07,-136.09735107421875,-1.3083210763950668e-14,4.446809894186618e-15,1.1110277906283429e-14,0.7461127638816833,0.7461127638816833,-0.2148061990737915,-2.130579559315776e-16,-2.4102430047600748e-17,-4.6220821073878756e-17
0.0,155.0,1.0,2.0,3.0,4.0,5.0,6.0,7.0,8.0,0.0,0.0,0.0,1.0,0.0,0.0,0.0,1.0,0.0,0.0,0.0,1.0,0.8498576283454895,0.7736425399780273,0.7736425399780273,-0.27674999833106995,-2.397590284674341e-16,-2.0344460843627413e-17,-2.4646541182732004e-17,-8.422333621638245e-07,-8.422333621638245e-07,-136.09735107421875,-1.1605276337362316e-14,2.133113352498369e-15,1.2246078784816823e-14,0.7523500919342041,0.7523500919342041,-0.21660193800926208,-2.153151399173327e-16,-2.3866926764123226e-17,-4.4868810906273084e-17
0.0,156.0,1.0,2.0,3.0,4.0,5.0,6.0,7.0,8.0,0.0,0.0,0.0,1.0,0.0,0.0,0.0,1.0,0.0,0.0,0.0,1.0,0.8498675227165222,0.7798823118209839,0.7798823118209839,-0.27854999899864197,-2.4404162704875186e-16,-1.918571977178353e-17,-3.1690467172098766e-17,-8.070697390394344e-07,-8.070697390394344e-07,-136.09735107421875,-1.2484673566498256e-14,2.6569735842219997e-15,7.479804061826141e-15,0.7585884928703308,0.7585884928703308,-0.21839797496795654,-2.177437421957884e-16,-2.3573539035740468e-17,-4.4042877682083786e-17
0.0,157.0,1.0,2.0,3.0,4.0,5.0,6.0,7.0,8.0,0.0,0.0,0.0,1.0,0.0,0.0,0.0,1.0,0.0,0.0,0.0,1.0,0.8498767614364624,0.7861229777336121,0.7861229777336121,-0.280349999666214,-2.518343301634914e-16,-2.1144059945835472e-17,-3.903254875889904e-17,-7.712348519817169e-07,-7.712348519817169e-07,-136.09735107421875,-1.481490948527283e-14,1.378838453902295e-15,2.843586589205147e-15,0.7648278474807739,0.7648278474807739,-0.2201942801475525,-2.2062610267106617e-16,-2.3421261702414356e-17,-4.3728833599444354e-17
0.0,158.0,1.0,2.0,3.0,4.0,5.0,6.0,7.0,8.0,0.0,0.0,0.0,1.0,0.0,0.0,0.0,1.0,0.0,0.0,0.0,1.0,0.8498853445053101,0.7923644185066223,0.7923644185066223,-0.282150000333786,-2.514548594031215e-16,-1.9795583493806626e-17,-3.928665864307533e-17,-7.351868589466903e-07,-7.351868021032715e-07,-136.09735107421875,-1.3396542650700137e-14,2.0576069297559892e-15,2.5209773623426383e-15,0.7710680365562439,0.7710680365562439,-0.22199083864688873,-2.232328598011311e-16,-2.319399052039296e-17,-4.345038144420185e-17
0.0,159.0,1.0,2.0,3.0,4.0,5.0,6.0,7.0,8.0,0.0,0.0,0.0,1.0,0.0,0.0,0.0,1.0,0.0,0.0,0.0,1.0,0.84989333152771,0.7986065745353699,0.7986065745353699,-0.28395000100135803,-2.772385423175424e-16,-1.6929224000298074e-17,-3.0894256201679723e-17,-6.992981980147306e-07,-6.992981980147306e-07,-136.09735107421875,-2.3466593794020663e-14,3.555107817425915e-15,7.125306373840113e-15,0.7773091197013855,0.7773091197013855,-0.22378763556480408,-2.2779971734559145e-16,-2.280126005480381e-17,-4.2663256225631093e-17
0.0,160.0,1.0,2.0,3.0,4.0,5.0,6.0,7.0,8.0,0.0,0.0,0.0,1.0,0.0,0.0,0.0,1.0,0.0,0.0,0.0,1.0,0.8499007225036621,0.8048494458198547,0.8048494458198547,-0.28575000166893005,-2.8609511881403336e-16,-1.816928023507837e-17,-2.6982658051259364e-17,-6.638687182203284e-07,-6.638687750637473e-07,-136.09735107421875,-2.5329156564594772e-14,2.628397868955192e-15,8.897889681460346e-15,0.7835509181022644,0.7835509181022644,-0.22558467090129852,-2.327296608568483e-16,-2.251086837459972e-17,-4.168019508100367e-17
0.0,161.0,1.0,2.0,3.0,4.0,5.0,6.0,7.0,8.0,0.0,0.0,0.0,1.0,0.0,0.0,0.0,1.0,0.0,0.0,0.0,1.0,0.849907636642456,0.8110929727554321,0.8110929727554321,-0.2875500023365021,-2.804098336720625e-16,-1.8704605057743087e-17,-2.8302335383081564e-17,-6.291366503319296e-07,-6.291365934885107e-07,-136.09735107421875,-2.071580516990138e-14,2.159739409678834e-15,7.590827211321604e-15,0.7897934913635254,0.7897934913635254,-0.2273818999528885,-2.367621464907096e-16,-2.227222676787817e-17,-4.084144386604225e-17
0.0,162.0,1.0,2.0,3.0,4.0,5.0,6.0,7.0,8.0,0.0,0.0,0.0,1.0,0.0,0.0,0.0,1.0,0.0,0.0,0.0,1.0,0.8499140739440918,0.8173370957374573,0.8173370957374573,-0.2893500030040741,-2.847601948891606e-16,-1.883335406572574e-17,-3.0358931379015006e-17,-5.952879860160465e-07,-5.952879860160465e-07,-136.09735107421875,-2.085290931087575e-14,1.951184439713538e-15,5.947679008371301e-15,0.7960367202758789,0.7960367202758789,-0.22917932271957397,-2.4082173717888304e-16,-2.2056607251965197e-17,-4.018418269491987e-17
0.0,163.0,1.0,2.0,3.0,4.0,5.0,6.0,7.0,8.0,0.0,0.0,0.0,1.0,0.0,0.0,0.0,1.0,0.0,0.0,0.0,1.0,0.8499200344085693,0.8235818147659302,0.8235818147659302,-0.2911500036716461,-2.9127218418765165e-16,-1.9178943508205495e-17,-2.6316890154717484e-17,-5.624651180369256e-07,-5.624650611935067e-07,-136.09735107421875,-2.1917370533492547e-14,1.632688298963778e-15,7.867828160897442e-15,0.8022805452346802,0.8022805452346802,-0.2309769243001938,-2.450889832880318e-16,-2.187616607314288e-17,-3.9314643817559225e-17
0.0,164.0,1.0,2.0,3.0,4.0,5.0,6.0,7.0,8.0,0.0,0.0,0.0,1.0,0.0,0.0,0.0,1.0,0.0,0.0,0.0,1.0,0.8499256372451782,0.8298270106315613,0.8298270106315613,-0.29295000433921814,-2.997086323423045e-16,-1.736968113287031e-17,-2.4221330643210345e-17,-5.307734340931347e-07,-5.307734909365536e-07,-136.09735107421875,-2.3727617161112442e-14,2.556721940958533e-15,8.563083815432086e-15,0.8085249662399292,0.8085249662399292,-0.23277468979358673,-2.497091244988304e-16,-2.1593574706115164e-17,-3.83681804519536e-17
0.0,165.0,1.0,2.0,3.0,4.0,5.0,6.0,7.0,8.0,0.0,0.0,0.0,1.0,0.0,0.0,0.0,1.0,0.0,0.0,0.0,1.0,0.8499308228492737,0.8360726833343506,0.8360726833343506,-0.29475000500679016,-3.105099964856913e-16,-1.515384294285306e-17,-2.8432778456958727e-17,-5.002879674975702e-07,-5.002879106541513e-07,-136.09735107421875,-2.641181205491859e-14,3.6533983676582515e-15,5.636565924427165e-15,0.8147699236869812,0.8147699236869812,-0.2345726191997528,-2.548523614941177e-16,-2.1189735204899425e-17,-3.774512485352151e-17
0.0,166.0,1.0,2.0,3.0,4.0,5.0,6.0,7.0,8.0,0.0,0.0,0.0,1.0,0.0,0.0,0.0,1.0,0.0,0.0,0.0,1.0,0.8499355912208557,0.8423188328742981,0.8423188328742981,-0.2965500056743622,-3.0298834391407313e-16,-1.606186226230967e-17,-3.3714875916036544e-17,-4.7105777412070893e-07,-4.710577456989995e-07,-136.09735107421875,-2.0909447066039082e-14,2.9090505893248795e-15,2.286366176612142e-15,0.8210153579711914,0.8210153579711914,-0.23637068271636963,-2.5892441944848354e-16,-2.0868148889434735e-17,-3.7492374854272256e-17
0.0,167.0,1.0,2.0,3.0,4.0,5.0,6.0,7.0,8.0,0.0,0.0,0.0,1.0,0.0,0.0,0.0,1.0,0.0,0.0,0.0,1.0,0.8499401211738586,0.848565399646759,0.848565399646759,-0.2983500063419342,-3.0311031665847775e-16,-1.7037644217546624e-17,-3.576638971428646e-17,-4.4311116198514355e-07,-4.431112188285624e-07,-136.09735107421875,-1.9192946656889504e-14,2.1729804404685502e-15,9.791214885106225e-16,0.8272612690925598,0.8272612690925598,-0.2381688803434372,-2.626625081936148e-16,-2.0627915787214634e-17,-3.7384126690591116e-17
0.0,168.0,1.0,2.0,3.0,4.0,5.0,6.0,7.0,8.0,0.0,0.0,0.0,1.0,0.0,0.0,0.0,1.0,0.0,0.0,0.0,1.0,0.8499452471733093,0.8562678694725037,0.8562678694725037,-0.3001500070095062,-3.141691788178299e-16,-1.5391012168084264e-17,-3.265439066607416e-17,-0.0017712978878989816,-0.0017712978878989816,-135.1279754638672,-2.1896785938808373e-14,2.9236559784343854e-15,2.6405150987821382e-15,0.8350773453712463,0.8350773453712463,-0.24041733145713806,-2.6802160624155393e-16,-2.0221740327949046e-17,-3.70172886325361e-17
0.0,169.0,1.0,2.0,3.0,4.0,5.0,6.0,7.0,8.0,0.0,0.0,0.0,1.0,0.0,0.0,0.0,1.0,0.0,0.0,0.0,1.0,0.8499452471733093,0.8562678694725037,0.8562678694725037,-0.3001500070095062,-3.141691788178299e-16,-1.5391012168084264e-17,-3.265439066607416e-17,-0.0017712978878989816,-0.0017712978878989816,-135.1279754638672,-2.1896785938808373e-14,2.9236559784343854e-15,2.6405150987821382e-15,0.8350773453712463,0.8350773453712463,-0.24041733145713806,-2.6802160624155393e-16,-2.0221740327949046e-17,-3.70172886325361e-17
